customer_id,age,tenure_months,monthly_charges,contract,payment_method,internet_service,support_calls,churn,cancellation_confirmation,account_guid
C100000,72,70,38.36,two-year,mailed_check,fiber,2,no,0,acc_000000_3383
C100001,18,52,94.26,month-to-month,bank_transfer,fiber,2,yes,1,acc_000001_4322
C100002,73,63,78.43,month-to-month,mailed_check,dsl,0,no,0,acc_000002_9936
C100003,76,8,74.4,one-year,card,fiber,0,no,0,acc_000003_4835
C100004,32,60,40.71,month-to-month,card,fiber,1,no,0,acc_000004_5282
C100005,25,50,97.38,one-year,e_check,none,1,yes,1,acc_000005_4381
C100006,68,67,66.83,one-year,e_check,fiber,1,no,0,acc_000006_5941
C100007,29,31,47.62,two-year,e_check,none,3,no,0,acc_000007_1361
C100008,35,26,56.33,one-year,card,dsl,1,no,0,acc_000008_9523
C100009,63,63,65.95,one-year,card,none,1,no,0,acc_000009_5739
C100010,45,39,73.99,month-to-month,card,none,3,yes,1,acc_000010_5030
C100011,59,58,49.7,month-to-month,e_check,dsl,0,no,0,acc_000011_3305
C100012,32,24,49.34,month-to-month,bank_transfer,fiber,2,no,0,acc_000012_1991
C100013,27,55,81.53,month-to-month,bank_transfer,fiber,3,yes,1,acc_000013_7606
C100014,40,39,69.82,month-to-month,e_check,fiber,0,no,0,acc_000014_3483
C100015,77,4,118.86,month-to-month,mailed_check,none,0,yes,1,acc_000015_1736
C100016,28,64,61.38,month-to-month,mailed_check,fiber,3,yes,1,acc_000016_6915
C100017,47,38,89.44,month-to-month,mailed_check,fiber,0,yes,1,acc_000017_1399
C100018,50,33,113.45,month-to-month,card,dsl,2,yes,1,acc_000018_3541
C100019,56,4,66.74,two-year,mailed_check,fiber,2,no,0,acc_000019_5314
C100020,39,11,95.26,month-to-month,bank_transfer,none,0,no,0,acc_000020_8168
C100021,27,26,78.82,month-to-month,e_check,fiber,1,no,0,acc_000021_9103
C100022,30,55,72.82,one-year,mailed_check,none,2,no,0,acc_000022_7611
C100023,71,13,110.14,one-year,mailed_check,none,2,no,0,acc_000023_2720
C100024,71,57,47.69,one-year,bank_transfer,fiber,0,no,0,acc_000024_1384
C100025,70,35,57.01,month-to-month,e_check,fiber,1,no,0,acc_000025_1191
C100026,46,60,28.97,month-to-month,e_check,dsl,1,no,0,acc_000026_1188
C100027,38,16,68.64,month-to-month,e_check,fiber,0,no,0,acc_000027_6973
C100028,32,42,95.21,one-year,e_check,fiber,1,no,0,acc_000028_5119
C100029,49,23,65.42,month-to-month,card,dsl,2,no,0,acc_000029_7349
C100030,38,64,91.27,two-year,bank_transfer,dsl,2,no,0,acc_000030_2763
C100031,21,54,53.3,month-to-month,e_check,none,3,no,0,acc_000031_9813
C100032,19,51,99.0,month-to-month,,dsl,0,no,0,acc_000032_6721
C100033,70,55,68.82,two-year,e_check,none,1,no,0,acc_000033_7835
C100034,59,8,60.06,month-to-month,e_check,fiber,2,yes,1,acc_000034_7134
C100035,28,54,,two-year,mailed_check,none,1,no,0,acc_000035_9247
C100036,54,19,71.27,two-year,card,fiber,1,yes,1,acc_000036_5617
C100037,68,52,85.29,month-to-month,card,fiber,3,yes,1,acc_000037_7356
C100038,36,12,74.42,month-to-month,e_check,dsl,0,no,0,acc_000038_7212
C100039,27,26,88.42,month-to-month,mailed_check,fiber,1,yes,1,acc_000039_6133
C100040,25,22,74.43,month-to-month,bank_transfer,none,2,no,0,acc_000040_7587
C100041,48,3,42.64,one-year,bank_transfer,dsl,0,no,0,acc_000041_8549
C100042,49,9,78.3,month-to-month,e_check,none,5,no,0,acc_000042_3067
C100043,75,5,,one-year,card,dsl,2,no,0,acc_000043_6440
C100044,35,8,80.82,month-to-month,mailed_check,fiber,1,yes,1,acc_000044_5804
C100045,27,42,66.03,month-to-month,card,none,4,yes,1,acc_000045_7204
C100046,22,61,115.05,one-year,e_check,none,1,no,0,acc_000046_2082
C100047,31,69,54.02,month-to-month,bank_transfer,dsl,2,no,0,acc_000047_7472
C100048,23,58,74.45,one-year,card,fiber,1,no,0,acc_000048_9843
C100049,45,37,76.58,month-to-month,mailed_check,fiber,3,yes,1,acc_000049_7098
C100050,26,58,45.49,one-year,bank_transfer,none,4,no,0,acc_000050_6231
C100051,58,34,42.91,two-year,e_check,fiber,4,yes,1,acc_000051_9324
C100052,38,61,87.44,two-year,bank_transfer,none,0,no,0,acc_000052_4802
C100053,20,62,87.71,two-year,card,fiber,1,no,0,acc_000053_6676
C100054,73,25,74.86,month-to-month,mailed_check,fiber,0,yes,1,acc_000054_7353
C100055,43,27,32.98,month-to-month,bank_transfer,dsl,1,no,0,acc_000055_3801
C100056,48,30,64.53,month-to-month,e_check,fiber,1,yes,1,acc_000056_6486
C100057,33,16,77.25,month-to-month,bank_transfer,fiber,0,no,0,acc_000057_3296
C100058,53,9,86.4,one-year,mailed_check,none,1,no,0,acc_000058_3093
C100059,32,68,100.01,month-to-month,mailed_check,none,0,no,0,acc_000059_8338
C100060,46,70,82.41,one-year,card,none,1,no,0,acc_000060_3986
C100061,33,1,94.61,month-to-month,e_check,fiber,2,yes,1,acc_000061_9289
C100062,76,71,111.34,one-year,card,none,2,no,0,acc_000062_7492
C100063,58,38,18.0,month-to-month,card,fiber,2,yes,1,acc_000063_2140
C100064,73,6,95.28,month-to-month,card,dsl,1,yes,1,acc_000064_4983
C100065,61,13,60.99,one-year,e_check,fiber,1,yes,1,acc_000065_9493
C100066,60,5,83.03,one-year,e_check,dsl,4,no,0,acc_000066_4200
C100067,30,18,76.49,month-to-month,e_check,fiber,3,yes,1,acc_000067_5486
C100068,28,55,46.96,month-to-month,e_check,none,0,yes,1,acc_000068_5007
C100069,31,67,49.79,month-to-month,card,fiber,1,yes,1,acc_000069_2521
C100070,72,14,81.91,two-year,mailed_check,fiber,1,no,0,acc_000070_3857
C100071,66,48,,month-to-month,e_check,dsl,1,no,0,acc_000071_8318
C100072,66,62,88.98,month-to-month,e_check,fiber,1,no,0,acc_000072_7130
C100073,77,39,62.19,one-year,e_check,fiber,3,no,0,acc_000073_9788
C100074,52,18,122.9,two-year,mailed_check,none,1,no,0,acc_000074_2264
C100075,50,8,65.31,two-year,mailed_check,dsl,0,no,0,acc_000075_3744
C100076,53,17,121.15,month-to-month,e_check,dsl,3,yes,1,acc_000076_2640
C100077,77,66,53.2,month-to-month,e_check,none,0,no,0,acc_000077_9858
C100078,69,71,84.83,two-year,bank_transfer,dsl,2,no,0,acc_000078_7192
C100079,56,31,98.39,one-year,mailed_check,fiber,1,no,0,acc_000079_6407
C100080,56,65,39.99,one-year,e_check,fiber,1,yes,1,acc_000080_1321
C100081,35,8,48.21,two-year,bank_transfer,none,3,no,0,acc_000081_6912
C100082,25,31,81.13,two-year,mailed_check,fiber,1,yes,1,acc_000082_2145
C100083,77,39,98.9,month-to-month,e_check,none,2,yes,1,acc_000083_5057
C100084,55,69,104.12,one-year,bank_transfer,none,3,no,0,acc_000084_9123
C100085,29,6,84.66,month-to-month,card,fiber,1,yes,1,acc_000085_6358
C100086,19,13,96.49,two-year,card,fiber,4,yes,1,acc_000086_4456
C100087,71,61,43.49,month-to-month,e_check,dsl,4,no,0,acc_000087_4521
C100088,48,8,61.21,month-to-month,mailed_check,none,2,no,0,acc_000088_1271
C100089,73,29,105.96,month-to-month,card,none,2,no,0,acc_000089_2854
C100090,48,23,58.11,month-to-month,mailed_check,dsl,2,yes,1,acc_000090_8387
C100091,40,21,65.58,month-to-month,,dsl,3,yes,1,acc_000091_8707
C100092,38,4,29.71,month-to-month,bank_transfer,dsl,3,no,0,acc_000092_8941
C100093,19,18,66.79,month-to-month,e_check,none,1,no,0,acc_000093_5920
C100094,49,57,33.22,one-year,card,fiber,3,no,0,acc_000094_7728
C100095,73,15,79.95,month-to-month,card,fiber,3,yes,1,acc_000095_6703
C100096,71,68,,month-to-month,mailed_check,dsl,3,yes,1,acc_000096_4117
C100097,49,14,78.82,two-year,bank_transfer,none,1,no,0,acc_000097_1935
C100098,55,39,,two-year,card,dsl,1,no,0,acc_000098_6540
C100099,39,43,61.72,month-to-month,card,dsl,2,no,0,acc_000099_8959
C100100,63,10,84.46,one-year,card,none,1,no,0,acc_000100_8848
C100101,54,12,44.71,month-to-month,mailed_check,fiber,1,no,0,acc_000101_5601
C100102,72,7,60.23,two-year,e_check,dsl,1,no,0,acc_000102_2983
C100103,76,39,122.99,two-year,bank_transfer,fiber,1,yes,1,acc_000103_4765
C100104,32,9,40.01,month-to-month,mailed_check,fiber,5,yes,1,acc_000104_3826
C100105,64,63,57.71,month-to-month,e_check,fiber,1,yes,1,acc_000105_4054
C100106,66,27,37.81,two-year,mailed_check,fiber,2,no,0,acc_000106_6412
C100107,55,53,100.7,one-year,card,dsl,0,no,0,acc_000107_9263
C100108,64,44,65.55,one-year,card,dsl,0,no,0,acc_000108_1651
C100109,68,39,40.73,month-to-month,e_check,dsl,1,no,0,acc_000109_3379
C100110,70,25,41.16,two-year,mailed_check,fiber,2,no,0,acc_000110_3146
C100111,55,31,97.71,month-to-month,bank_transfer,fiber,1,yes,1,acc_000111_9179
C100112,42,24,87.28,one-year,mailed_check,fiber,4,no,0,acc_000112_5859
C100113,43,25,90.23,month-to-month,mailed_check,dsl,1,no,0,acc_000113_3329
C100114,68,41,69.58,two-year,bank_transfer,dsl,0,no,0,acc_000114_2230
C100115,73,18,92.63,month-to-month,mailed_check,none,5,no,0,acc_000115_2787
C100116,19,7,102.55,month-to-month,bank_transfer,fiber,1,yes,1,acc_000116_2883
C100117,48,30,87.03,month-to-month,card,fiber,1,yes,1,acc_000117_5840
C100118,66,12,32.68,month-to-month,bank_transfer,dsl,1,no,0,acc_000118_8585
C100119,58,71,23.87,one-year,card,dsl,2,no,0,acc_000119_8751
C100120,52,22,35.95,one-year,bank_transfer,fiber,2,no,0,acc_000120_9455
C100121,36,40,77.38,month-to-month,card,fiber,1,yes,1,acc_000121_9275
C100122,44,52,35.08,month-to-month,bank_transfer,dsl,2,no,0,acc_000122_1491
C100123,61,21,44.98,two-year,mailed_check,fiber,0,no,0,acc_000123_2340
C100124,22,71,71.7,one-year,e_check,fiber,3,no,0,acc_000124_5182
C100125,74,20,49.79,one-year,e_check,fiber,1,no,0,acc_000125_7438
C100126,71,62,40.15,two-year,bank_transfer,dsl,0,no,0,acc_000126_7637
C100127,41,32,93.79,month-to-month,card,fiber,1,no,0,acc_000127_7358
C100128,55,40,82.55,month-to-month,e_check,none,1,no,0,acc_000128_8141
C100129,68,33,89.6,month-to-month,e_check,fiber,2,yes,1,acc_000129_3348
C100130,60,52,92.77,two-year,card,fiber,1,yes,1,acc_000130_8606
C100131,77,25,105.24,two-year,e_check,fiber,0,no,0,acc_000131_9508
C100132,22,20,69.67,month-to-month,bank_transfer,dsl,2,no,0,acc_000132_8027
C100133,55,40,66.1,one-year,card,dsl,0,no,0,acc_000133_1154
C100134,74,56,28.41,one-year,card,dsl,2,no,0,acc_000134_3953
C100135,42,53,64.68,one-year,card,fiber,1,no,0,acc_000135_7486
C100136,46,3,,one-year,e_check,fiber,2,no,0,acc_000136_1521
C100137,40,50,95.53,month-to-month,card,none,1,yes,1,acc_000137_7060
C100138,44,22,86.54,one-year,bank_transfer,fiber,1,no,0,acc_000138_3107
C100139,21,52,105.74,one-year,card,fiber,0,no,0,acc_000139_4379
C100140,35,12,96.54,month-to-month,e_check,dsl,1,no,0,acc_000140_4726
C100141,40,38,98.8,month-to-month,card,fiber,4,yes,1,acc_000141_9626
C100142,63,68,83.02,month-to-month,e_check,none,2,yes,1,acc_000142_9656
C100143,38,59,73.66,one-year,e_check,dsl,0,no,0,acc_000143_1537
C100144,60,4,61.14,two-year,card,dsl,0,no,0,acc_000144_5042
C100145,38,6,69.83,month-to-month,card,dsl,1,yes,1,acc_000145_3222
C100146,44,17,,one-year,card,dsl,2,no,0,acc_000146_9591
C100147,42,42,79.6,one-year,e_check,dsl,2,no,0,acc_000147_6287
C100148,67,50,68.21,month-to-month,card,dsl,2,yes,1,acc_000148_8648
C100149,33,60,21.45,month-to-month,bank_transfer,dsl,1,no,0,acc_000149_7203
C100150,54,65,18.0,one-year,e_check,fiber,1,yes,1,acc_000150_1037
C100151,66,53,52.65,one-year,card,fiber,1,no,0,acc_000151_6547
C100152,77,38,58.89,month-to-month,mailed_check,none,1,no,0,acc_000152_8050
C100153,49,68,62.85,one-year,bank_transfer,fiber,1,no,0,acc_000153_9893
C100154,58,68,101.12,one-year,mailed_check,dsl,2,no,0,acc_000154_2338
C100155,65,11,54.97,month-to-month,mailed_check,none,2,yes,1,acc_000155_4379
C100156,27,64,39.54,two-year,e_check,fiber,0,no,0,acc_000156_2554
C100157,24,47,79.17,month-to-month,mailed_check,none,3,no,0,acc_000157_8696
C100158,65,38,94.02,month-to-month,e_check,fiber,2,no,0,acc_000158_5406
C100159,73,56,109.47,two-year,mailed_check,dsl,2,no,0,acc_000159_5867
C100160,29,12,45.67,month-to-month,,none,0,no,0,acc_000160_5532
C100161,32,29,63.91,two-year,e_check,fiber,2,no,0,acc_000161_7506
C100162,53,46,59.75,one-year,card,dsl,2,no,0,acc_000162_5186
C100163,36,18,106.15,month-to-month,card,fiber,2,yes,1,acc_000163_6159
C100164,73,67,86.68,month-to-month,mailed_check,fiber,2,yes,1,acc_000164_7336
C100165,60,32,70.5,month-to-month,card,dsl,2,yes,1,acc_000165_3874
C100166,33,49,87.29,one-year,bank_transfer,fiber,4,yes,1,acc_000166_7638
C100167,67,59,61.35,one-year,mailed_check,none,0,no,0,acc_000167_3106
C100168,44,27,65.04,month-to-month,e_check,fiber,0,yes,1,acc_000168_8675
C100169,59,16,69.06,one-year,e_check,none,4,yes,1,acc_000169_4592
C100170,26,15,57.88,one-year,card,dsl,0,no,0,acc_000170_3263
C100171,52,56,63.83,two-year,mailed_check,fiber,2,no,0,acc_000171_1011
C100172,49,30,78.33,month-to-month,bank_transfer,dsl,0,yes,1,acc_000172_6920
C100173,33,54,75.63,month-to-month,mailed_check,none,1,no,0,acc_000173_8010
C100174,66,5,105.34,month-to-month,bank_transfer,dsl,2,yes,1,acc_000174_8501
C100175,26,40,90.48,two-year,e_check,dsl,1,no,0,acc_000175_5042
C100176,56,25,68.04,month-to-month,mailed_check,fiber,3,yes,1,acc_000176_4726
C100177,35,37,18.0,two-year,mailed_check,fiber,3,no,0,acc_000177_2053
C100178,68,59,34.32,month-to-month,e_check,dsl,0,no,0,acc_000178_2498
C100179,30,68,57.71,two-year,,none,0,no,0,acc_000179_1679
C100180,39,33,60.54,month-to-month,e_check,dsl,2,yes,1,acc_000180_8425
C100181,51,10,38.35,two-year,mailed_check,dsl,1,no,0,acc_000181_9937
C100182,37,25,60.69,month-to-month,card,fiber,2,yes,1,acc_000182_6606
C100183,62,5,72.37,month-to-month,bank_transfer,none,2,yes,1,acc_000183_4442
C100184,19,4,54.48,one-year,bank_transfer,fiber,0,yes,1,acc_000184_2116
C100185,59,37,66.21,month-to-month,e_check,fiber,0,no,0,acc_000185_5676
C100186,19,62,67.34,month-to-month,e_check,dsl,4,yes,1,acc_000186_9037
C100187,33,6,52.75,month-to-month,mailed_check,none,2,yes,1,acc_000187_8168
C100188,64,38,48.9,month-to-month,bank_transfer,fiber,0,no,0,acc_000188_4801
C100189,51,19,66.45,month-to-month,mailed_check,fiber,1,no,0,acc_000189_8177
C100190,29,14,75.89,month-to-month,e_check,fiber,1,yes,1,acc_000190_6456
C100191,74,10,44.61,month-to-month,e_check,dsl,1,yes,1,acc_000191_7683
C100192,27,65,20.69,two-year,card,fiber,2,no,0,acc_000192_4944
C100193,52,68,46.61,one-year,card,dsl,0,no,0,acc_000193_1402
C100194,35,37,81.5,month-to-month,e_check,dsl,2,yes,1,acc_000194_2680
C100195,30,36,30.86,two-year,card,none,1,no,0,acc_000195_6920
C100196,18,21,91.49,month-to-month,mailed_check,dsl,2,no,0,acc_000196_5957
C100197,68,19,,two-year,mailed_check,none,3,yes,1,acc_000197_7928
C100198,53,67,72.37,one-year,mailed_check,fiber,2,no,0,acc_000198_6813
C100199,36,24,50.88,month-to-month,card,fiber,1,yes,1,acc_000199_1815
C100200,47,6,83.2,two-year,mailed_check,fiber,0,no,0,acc_000200_2828
C100201,74,14,70.5,month-to-month,e_check,dsl,2,yes,1,acc_000201_3463
C100202,65,61,78.12,month-to-month,card,none,1,yes,1,acc_000202_2872
C100203,64,27,22.88,month-to-month,e_check,dsl,2,yes,1,acc_000203_7412
C100204,50,32,86.49,one-year,bank_transfer,fiber,0,no,0,acc_000204_7651
C100205,29,13,29.18,month-to-month,bank_transfer,none,1,no,0,acc_000205_5190
C100206,69,15,61.3,month-to-month,bank_transfer,fiber,1,yes,1,acc_000206_1353
C100207,23,60,81.58,two-year,card,fiber,3,no,0,acc_000207_5700
C100208,62,41,64.64,two-year,card,fiber,0,yes,1,acc_000208_2957
C100209,36,40,81.11,month-to-month,e_check,none,3,yes,1,acc_000209_8355
C100210,57,52,73.22,month-to-month,,fiber,2,no,0,acc_000210_3661
C100211,76,8,71.37,month-to-month,mailed_check,fiber,0,no,0,acc_000211_4242
C100212,72,47,49.93,month-to-month,mailed_check,fiber,0,yes,1,acc_000212_6366
C100213,78,61,93.11,two-year,e_check,dsl,2,no,0,acc_000213_2168
C100214,58,6,95.92,month-to-month,bank_transfer,none,0,no,0,acc_000214_7138
C100215,52,33,56.43,month-to-month,e_check,fiber,2,yes,1,acc_000215_8276
C100216,31,58,47.89,month-to-month,mailed_check,fiber,0,yes,1,acc_000216_3087
C100217,27,3,74.03,two-year,bank_transfer,none,4,no,0,acc_000217_1312
C100218,23,38,51.21,month-to-month,bank_transfer,dsl,1,yes,1,acc_000218_5197
C100219,48,54,72.44,two-year,card,dsl,1,no,0,acc_000219_8488
C100220,28,13,88.58,two-year,mailed_check,fiber,0,yes,1,acc_000220_4393
C100221,71,47,84.93,month-to-month,e_check,none,2,yes,1,acc_000221_4779
C100222,76,19,104.26,month-to-month,mailed_check,none,2,yes,1,acc_000222_3785
C100223,53,36,80.12,one-year,e_check,fiber,2,yes,1,acc_000223_1186
C100224,50,61,44.42,month-to-month,mailed_check,dsl,1,no,0,acc_000224_8433
C100225,23,30,48.88,month-to-month,e_check,fiber,1,no,0,acc_000225_8032
C100226,47,29,81.83,month-to-month,mailed_check,fiber,0,no,0,acc_000226_9544
C100227,51,52,114.39,one-year,mailed_check,fiber,0,no,0,acc_000227_4579
C100228,48,4,60.72,one-year,bank_transfer,none,2,yes,1,acc_000228_5429
C100229,79,70,47.43,one-year,mailed_check,fiber,1,yes,1,acc_000229_4709
C100230,29,5,102.19,two-year,mailed_check,fiber,2,yes,1,acc_000230_6861
C100231,23,36,66.17,month-to-month,card,fiber,1,yes,1,acc_000231_1018
C100232,74,42,85.58,one-year,mailed_check,fiber,2,no,0,acc_000232_4372
C100233,34,64,94.67,one-year,bank_transfer,fiber,0,no,0,acc_000233_9639
C100234,47,51,45.83,one-year,mailed_check,fiber,4,yes,1,acc_000234_2134
C100235,68,39,60.65,month-to-month,e_check,fiber,1,yes,1,acc_000235_8665
C100236,51,65,55.96,month-to-month,bank_transfer,none,2,no,0,acc_000236_8747
C100237,62,18,81.63,month-to-month,e_check,dsl,2,yes,1,acc_000237_4236
C100238,29,69,84.56,month-to-month,e_check,fiber,0,no,0,acc_000238_7868
C100239,75,51,57.37,two-year,card,dsl,1,no,0,acc_000239_2205
C100240,73,10,82.29,one-year,bank_transfer,none,2,no,0,acc_000240_9653
C100241,26,56,26.88,two-year,bank_transfer,dsl,1,no,0,acc_000241_9340
C100242,52,61,77.36,one-year,card,fiber,4,no,0,acc_000242_4258
C100243,50,9,77.21,month-to-month,bank_transfer,none,2,yes,1,acc_000243_5384
C100244,55,34,69.14,one-year,bank_transfer,fiber,2,yes,1,acc_000244_7944
C100245,52,16,34.82,month-to-month,mailed_check,fiber,2,no,0,acc_000245_8333
C100246,69,13,66.7,one-year,bank_transfer,dsl,3,no,0,acc_000246_4352
C100247,54,9,,month-to-month,card,fiber,0,yes,1,acc_000247_1938
C100248,56,20,103.32,one-year,bank_transfer,fiber,3,yes,1,acc_000248_1579
C100249,27,3,62.24,month-to-month,mailed_check,fiber,3,yes,1,acc_000249_6732
C100250,76,61,64.17,two-year,bank_transfer,fiber,4,no,0,acc_000250_4432
C100251,59,24,66.43,month-to-month,mailed_check,dsl,1,yes,1,acc_000251_4236
C100252,33,11,81.79,two-year,mailed_check,fiber,1,no,0,acc_000252_4742
C100253,76,35,70.88,two-year,bank_transfer,fiber,3,no,0,acc_000253_3583
C100254,78,3,81.69,one-year,card,none,0,yes,1,acc_000254_8131
C100255,38,42,47.18,month-to-month,e_check,fiber,0,no,0,acc_000255_8531
C100256,30,59,95.02,month-to-month,e_check,fiber,1,yes,1,acc_000256_3126
C100257,76,36,57.48,month-to-month,e_check,fiber,0,yes,1,acc_000257_1939
C100258,33,41,86.89,month-to-month,e_check,fiber,3,yes,1,acc_000258_4410
C100259,50,59,74.63,month-to-month,mailed_check,fiber,3,no,0,acc_000259_5237
C100260,70,11,94.29,two-year,bank_transfer,dsl,1,no,0,acc_000260_6311
C100261,66,13,67.33,one-year,bank_transfer,fiber,1,yes,1,acc_000261_6656
C100262,18,56,34.38,month-to-month,card,none,1,no,0,acc_000262_9837
C100263,63,68,41.99,month-to-month,e_check,none,2,no,0,acc_000263_2056
C100264,25,65,63.71,month-to-month,,none,1,no,0,acc_000264_8855
C100265,69,54,101.62,two-year,bank_transfer,dsl,1,no,0,acc_000265_9761
C100266,50,1,59.18,month-to-month,mailed_check,none,2,no,0,acc_000266_8549
C100267,72,4,70.34,two-year,mailed_check,fiber,2,yes,1,acc_000267_8690
C100268,23,25,98.53,month-to-month,mailed_check,fiber,5,no,0,acc_000268_2868
C100269,49,5,55.81,month-to-month,mailed_check,fiber,0,no,0,acc_000269_9928
C100270,28,44,76.26,one-year,bank_transfer,fiber,1,no,0,acc_000270_8993
C100271,32,8,75.68,month-to-month,card,dsl,1,no,0,acc_000271_8929
C100272,56,23,54.95,two-year,e_check,fiber,1,no,0,acc_000272_3685
C100273,35,44,74.46,month-to-month,e_check,fiber,2,no,0,acc_000273_7398
C100274,47,54,93.66,month-to-month,bank_transfer,fiber,2,yes,1,acc_000274_3639
C100275,28,41,93.68,one-year,e_check,dsl,2,no,0,acc_000275_4850
C100276,73,34,61.17,month-to-month,e_check,dsl,2,no,0,acc_000276_9733
C100277,19,19,137.47,month-to-month,card,none,0,yes,1,acc_000277_4528
C100278,61,19,77.26,one-year,card,fiber,4,yes,1,acc_000278_4463
C100279,78,48,62.56,one-year,bank_transfer,fiber,3,yes,1,acc_000279_1720
C100280,63,71,52.1,month-to-month,e_check,dsl,1,no,0,acc_000280_1878
C100281,58,25,45.93,two-year,card,dsl,1,no,0,acc_000281_2685
C100282,29,44,88.26,month-to-month,bank_transfer,fiber,2,yes,1,acc_000282_5441
C100283,35,56,18.0,two-year,bank_transfer,dsl,0,no,0,acc_000283_1886
C100284,42,29,65.46,month-to-month,card,none,2,no,0,acc_000284_2157
C100285,40,52,36.78,two-year,,dsl,2,no,0,acc_000285_2962
C100286,78,9,65.04,month-to-month,e_check,fiber,2,yes,1,acc_000286_2453
C100287,30,17,68.25,month-to-month,,dsl,0,no,0,acc_000287_2381
C100288,36,20,38.34,month-to-month,bank_transfer,dsl,1,no,0,acc_000288_9235
C100289,76,5,,month-to-month,bank_transfer,dsl,3,no,0,acc_000289_5430
C100290,44,59,98.83,month-to-month,mailed_check,dsl,1,no,0,acc_000290_4518
C100291,75,44,56.08,one-year,bank_transfer,fiber,1,no,0,acc_000291_4999
C100292,57,28,68.9,one-year,e_check,none,1,no,0,acc_000292_1736
C100293,41,7,61.64,month-to-month,card,fiber,1,yes,1,acc_000293_1335
C100294,63,51,88.53,month-to-month,bank_transfer,dsl,0,no,0,acc_000294_7954
C100295,75,41,97.68,two-year,mailed_check,fiber,3,no,0,acc_000295_8767
C100296,51,35,90.59,month-to-month,,none,1,yes,1,acc_000296_4682
C100297,25,48,82.02,month-to-month,mailed_check,fiber,2,no,0,acc_000297_1502
C100298,62,1,82.24,two-year,mailed_check,fiber,3,yes,1,acc_000298_7297
C100299,61,11,41.18,one-year,e_check,fiber,3,yes,1,acc_000299_5269
C100300,64,39,99.76,one-year,mailed_check,dsl,2,yes,1,acc_000300_3327
C100301,33,55,55.92,month-to-month,mailed_check,dsl,0,no,0,acc_000301_6876
C100302,66,49,48.19,month-to-month,mailed_check,fiber,1,no,0,acc_000302_7066
C100303,74,29,60.21,two-year,card,dsl,1,no,0,acc_000303_9047
C100304,65,52,,one-year,mailed_check,fiber,1,no,0,acc_000304_1204
C100305,24,45,78.71,month-to-month,bank_transfer,fiber,1,no,0,acc_000305_6937
C100306,25,46,86.0,two-year,bank_transfer,fiber,3,no,0,acc_000306_5470
C100307,41,37,99.1,two-year,card,fiber,3,yes,1,acc_000307_9823
C100308,36,58,66.82,one-year,bank_transfer,fiber,2,no,0,acc_000308_7099
C100309,64,51,55.07,month-to-month,card,none,0,no,0,acc_000309_6333
C100310,60,60,62.49,month-to-month,bank_transfer,dsl,4,yes,1,acc_000310_7793
C100311,29,35,41.53,two-year,card,fiber,1,no,0,acc_000311_6112
C100312,25,20,51.76,month-to-month,card,fiber,0,no,0,acc_000312_9475
C100313,59,38,115.92,two-year,mailed_check,dsl,3,no,0,acc_000313_9662
C100314,77,56,50.96,month-to-month,e_check,none,2,no,0,acc_000314_2938
C100315,61,34,58.27,month-to-month,mailed_check,fiber,3,no,0,acc_000315_6802
C100316,58,54,83.81,one-year,card,fiber,5,no,0,acc_000316_2034
C100317,71,12,75.04,month-to-month,card,dsl,3,yes,1,acc_000317_9104
C100318,49,32,87.03,one-year,e_check,dsl,0,no,0,acc_000318_3121
C100319,78,45,48.68,one-year,card,fiber,3,no,0,acc_000319_1629
C100320,76,71,43.99,month-to-month,mailed_check,none,2,yes,1,acc_000320_5585
C100321,27,2,99.99,month-to-month,card,fiber,0,yes,1,acc_000321_4034
C100322,26,69,53.13,month-to-month,card,none,2,no,0,acc_000322_8569
C100323,29,30,66.74,month-to-month,mailed_check,none,3,no,0,acc_000323_4462
C100324,38,14,74.04,one-year,mailed_check,fiber,2,no,0,acc_000324_9409
C100325,38,56,25.67,month-to-month,bank_transfer,dsl,1,no,0,acc_000325_2937
C100326,56,22,64.53,month-to-month,card,none,4,yes,1,acc_000326_1653
C100327,51,61,53.77,month-to-month,bank_transfer,dsl,1,no,0,acc_000327_6472
C100328,43,27,81.33,two-year,bank_transfer,fiber,2,yes,1,acc_000328_6082
C100329,68,60,61.73,month-to-month,mailed_check,dsl,0,no,0,acc_000329_9247
C100330,33,69,18.0,month-to-month,bank_transfer,none,1,no,0,acc_000330_3449
C100331,72,53,87.52,one-year,card,fiber,2,no,0,acc_000331_6571
C100332,64,66,18.0,month-to-month,bank_transfer,fiber,2,no,0,acc_000332_3175
C100333,76,69,59.39,two-year,e_check,none,2,no,0,acc_000333_9491
C100334,21,13,,month-to-month,card,fiber,1,yes,1,acc_000334_1276
C100335,34,71,54.67,one-year,e_check,fiber,6,yes,1,acc_000335_6198
C100336,31,48,68.73,month-to-month,,fiber,0,no,0,acc_000336_8568
C100337,49,29,91.36,month-to-month,card,none,0,yes,1,acc_000337_7305
C100338,20,2,48.56,month-to-month,card,fiber,1,no,0,acc_000338_6338
C100339,79,48,54.66,one-year,e_check,fiber,0,no,0,acc_000339_8286
C100340,41,35,86.45,month-to-month,card,fiber,0,no,0,acc_000340_5498
C100341,51,12,80.92,two-year,mailed_check,fiber,2,no,0,acc_000341_8108
C100342,71,26,85.84,one-year,card,fiber,2,yes,1,acc_000342_2597
C100343,64,45,76.84,one-year,card,fiber,1,no,0,acc_000343_4642
C100344,25,14,63.3,month-to-month,bank_transfer,fiber,2,yes,1,acc_000344_1171
C100345,68,24,57.54,one-year,card,fiber,1,yes,1,acc_000345_5829
C100346,55,33,57.89,month-to-month,mailed_check,dsl,1,no,0,acc_000346_5124
C100347,31,63,90.31,one-year,e_check,dsl,1,no,0,acc_000347_4696
C100348,48,47,,month-to-month,bank_transfer,none,7,no,0,acc_000348_1825
C100349,58,10,115.56,two-year,e_check,fiber,1,yes,1,acc_000349_1781
C100350,74,23,44.61,two-year,,none,2,no,0,acc_000350_8955
C100351,38,12,63.46,one-year,mailed_check,fiber,0,yes,1,acc_000351_7742
C100352,29,5,69.14,two-year,mailed_check,dsl,3,no,0,acc_000352_8996
C100353,49,46,65.17,month-to-month,mailed_check,fiber,0,no,0,acc_000353_3184
C100354,61,24,42.55,month-to-month,bank_transfer,dsl,2,no,0,acc_000354_9744
C100355,78,40,120.3,two-year,mailed_check,fiber,2,no,0,acc_000355_7934
C100356,60,41,104.55,month-to-month,card,dsl,1,yes,1,acc_000356_3259
C100357,38,45,65.2,one-year,e_check,none,4,yes,1,acc_000357_4387
C100358,58,54,58.38,month-to-month,e_check,dsl,1,no,0,acc_000358_7317
C100359,72,43,68.86,two-year,bank_transfer,fiber,3,no,0,acc_000359_3220
C100360,51,22,40.63,month-to-month,bank_transfer,fiber,2,yes,1,acc_000360_1249
C100361,58,4,61.09,month-to-month,e_check,fiber,2,no,0,acc_000361_4738
C100362,52,71,87.25,two-year,card,none,3,no,0,acc_000362_3131
C100363,18,43,108.02,one-year,bank_transfer,none,2,yes,1,acc_000363_4836
C100364,68,41,90.01,month-to-month,e_check,fiber,4,no,0,acc_000364_1473
C100365,27,32,99.6,one-year,mailed_check,fiber,4,yes,1,acc_000365_2848
C100366,70,10,44.24,month-to-month,card,fiber,2,yes,1,acc_000366_4077
C100367,49,14,18.0,one-year,card,dsl,1,no,0,acc_000367_8036
C100368,56,36,101.53,month-to-month,e_check,dsl,1,yes,1,acc_000368_4166
C100369,60,59,73.42,month-to-month,e_check,none,1,yes,1,acc_000369_5075
C100370,64,43,67.15,two-year,card,fiber,1,no,0,acc_000370_2491
C100371,72,53,108.48,one-year,card,fiber,5,yes,1,acc_000371_6994
C100372,62,55,46.39,two-year,card,dsl,3,no,0,acc_000372_7201
C100373,42,47,46.55,month-to-month,bank_transfer,fiber,2,no,0,acc_000373_5260
C100374,39,8,51.56,month-to-month,card,fiber,4,yes,1,acc_000374_4687
C100375,45,30,107.24,month-to-month,bank_transfer,dsl,2,no,0,acc_000375_4072
C100376,69,16,91.43,one-year,mailed_check,fiber,1,no,0,acc_000376_5435
C100377,75,12,27.01,one-year,mailed_check,dsl,4,yes,1,acc_000377_6415
C100378,78,62,,two-year,mailed_check,dsl,2,no,0,acc_000378_8456
C100379,24,1,69.43,month-to-month,mailed_check,fiber,1,yes,1,acc_000379_9241
C100380,25,64,79.18,month-to-month,mailed_check,fiber,0,yes,1,acc_000380_8736
C100381,53,62,50.83,month-to-month,mailed_check,fiber,2,yes,1,acc_000381_3389
C100382,62,50,,two-year,mailed_check,fiber,2,yes,1,acc_000382_7151
C100383,66,34,79.44,one-year,e_check,dsl,0,no,0,acc_000383_7570
C100384,68,53,100.24,month-to-month,e_check,fiber,4,yes,1,acc_000384_5882
C100385,36,35,45.49,two-year,e_check,none,1,yes,1,acc_000385_1050
C100386,79,16,85.63,one-year,mailed_check,none,1,yes,1,acc_000386_5468
C100387,72,21,71.24,month-to-month,card,none,2,yes,1,acc_000387_8791
C100388,79,7,63.76,one-year,e_check,dsl,0,no,0,acc_000388_6682
C100389,59,30,49.84,one-year,e_check,dsl,1,no,0,acc_000389_7260
C100390,76,43,52.51,one-year,mailed_check,dsl,1,no,0,acc_000390_5928
C100391,32,45,41.39,month-to-month,mailed_check,dsl,2,no,0,acc_000391_5191
C100392,75,12,53.36,one-year,card,dsl,0,no,0,acc_000392_9199
C100393,61,32,68.48,month-to-month,e_check,dsl,0,no,0,acc_000393_3085
C100394,40,46,82.89,month-to-month,e_check,none,1,no,0,acc_000394_8927
C100395,56,59,32.1,month-to-month,bank_transfer,fiber,0,no,0,acc_000395_7823
C100396,23,7,44.52,one-year,bank_transfer,dsl,1,no,0,acc_000396_9707
C100397,22,14,54.54,month-to-month,bank_transfer,dsl,0,yes,1,acc_000397_2989
C100398,58,5,30.23,two-year,mailed_check,dsl,1,no,0,acc_000398_9355
C100399,33,9,62.22,month-to-month,bank_transfer,dsl,2,yes,1,acc_000399_3685
C100400,71,2,62.79,one-year,bank_transfer,fiber,0,no,0,acc_000400_7297
C100401,24,61,64.53,two-year,bank_transfer,fiber,1,no,0,acc_000401_2970
C100402,32,33,78.84,one-year,e_check,dsl,2,no,0,acc_000402_1552
C100403,28,15,91.43,one-year,e_check,fiber,2,yes,1,acc_000403_1301
C100404,61,25,88.07,month-to-month,bank_transfer,fiber,2,no,0,acc_000404_9317
C100405,65,22,75.69,month-to-month,mailed_check,fiber,2,yes,1,acc_000405_4491
C100406,76,71,83.1,one-year,card,fiber,4,no,0,acc_000406_5952
C100407,44,53,50.18,one-year,bank_transfer,fiber,2,no,0,acc_000407_5458
C100408,49,66,46.69,one-year,bank_transfer,dsl,1,no,0,acc_000408_6854
C100409,28,3,84.42,month-to-month,e_check,fiber,2,yes,1,acc_000409_6127
C100410,29,14,82.48,month-to-month,mailed_check,none,2,yes,1,acc_000410_1487
C100411,57,37,121.2,two-year,e_check,dsl,1,no,0,acc_000411_9319
C100412,34,1,63.71,one-year,bank_transfer,dsl,1,no,0,acc_000412_6451
C100413,24,23,45.6,one-year,card,fiber,1,no,0,acc_000413_2323
C100414,76,40,,month-to-month,mailed_check,dsl,1,no,0,acc_000414_5375
C100415,31,67,58.39,month-to-month,e_check,fiber,2,yes,1,acc_000415_6115
C100416,61,65,47.89,month-to-month,card,fiber,4,yes,1,acc_000416_1313
C100417,64,38,101.5,month-to-month,e_check,fiber,2,yes,1,acc_000417_5123
C100418,72,32,114.87,month-to-month,e_check,none,1,yes,1,acc_000418_2073
C100419,42,37,77.9,month-to-month,mailed_check,none,1,yes,1,acc_000419_1322
C100420,77,40,53.53,one-year,,dsl,1,no,0,acc_000420_7363
C100421,22,46,75.15,two-year,e_check,fiber,2,yes,1,acc_000421_6444
C100422,61,35,67.8,one-year,card,fiber,1,no,0,acc_000422_7954
C100423,29,57,36.04,month-to-month,card,fiber,3,no,0,acc_000423_1798
C100424,23,59,88.94,two-year,card,dsl,0,no,0,acc_000424_5155
C100425,46,21,77.3,one-year,bank_transfer,fiber,1,no,0,acc_000425_7634
C100426,40,36,98.96,two-year,mailed_check,fiber,1,no,0,acc_000426_2902
C100427,47,2,55.9,one-year,card,fiber,2,yes,1,acc_000427_7365
C100428,43,2,68.72,month-to-month,bank_transfer,fiber,1,no,0,acc_000428_2338
C100429,63,42,66.36,month-to-month,e_check,dsl,0,yes,1,acc_000429_7673
C100430,20,70,28.11,month-to-month,card,fiber,2,no,0,acc_000430_7411
C100431,60,32,128.89,month-to-month,e_check,dsl,0,yes,1,acc_000431_3657
C100432,40,4,19.37,month-to-month,bank_transfer,dsl,2,yes,1,acc_000432_3314
C100433,41,16,41.89,one-year,e_check,fiber,2,yes,1,acc_000433_8911
C100434,51,16,60.69,one-year,card,none,3,no,0,acc_000434_6254
C100435,78,52,31.93,month-to-month,mailed_check,fiber,3,no,0,acc_000435_1049
C100436,35,54,79.2,one-year,mailed_check,none,3,no,0,acc_000436_6126
C100437,41,53,58.13,month-to-month,mailed_check,dsl,2,no,0,acc_000437_8898
C100438,21,35,70.98,month-to-month,mailed_check,dsl,1,yes,1,acc_000438_2680
C100439,34,70,74.8,two-year,bank_transfer,fiber,4,yes,1,acc_000439_6153
C100440,69,30,71.03,two-year,card,dsl,3,no,0,acc_000440_9097
C100441,22,68,,one-year,mailed_check,dsl,2,no,0,acc_000441_8025
C100442,53,6,65.69,one-year,bank_transfer,dsl,3,yes,1,acc_000442_5158
C100443,50,17,79.48,one-year,e_check,dsl,1,no,0,acc_000443_3922
C100444,45,52,88.61,month-to-month,mailed_check,fiber,1,yes,1,acc_000444_3594
C100445,56,28,63.23,month-to-month,mailed_check,fiber,1,yes,1,acc_000445_5266
C100446,40,22,58.69,one-year,card,fiber,2,no,0,acc_000446_9242
C100447,63,54,59.8,month-to-month,card,dsl,3,no,0,acc_000447_2180
C100448,18,5,76.72,one-year,mailed_check,fiber,0,yes,1,acc_000448_8682
C100449,60,2,60.6,month-to-month,card,fiber,3,no,0,acc_000449_1787
C100450,56,66,60.28,month-to-month,card,dsl,1,no,0,acc_000450_4235
C100451,64,59,33.43,two-year,e_check,fiber,0,no,0,acc_000451_2038
C100452,66,53,115.52,month-to-month,mailed_check,dsl,4,yes,1,acc_000452_5936
C100453,75,47,40.0,month-to-month,card,dsl,1,no,0,acc_000453_4127
C100454,28,49,109.63,one-year,,dsl,3,no,0,acc_000454_8947
C100455,53,22,88.57,month-to-month,e_check,dsl,2,no,0,acc_000455_7483
C100456,78,3,94.04,two-year,card,none,1,yes,1,acc_000456_5454
C100457,79,63,75.79,month-to-month,card,none,3,no,0,acc_000457_5932
C100458,52,70,81.35,month-to-month,card,dsl,0,yes,1,acc_000458_2492
C100459,66,34,76.55,one-year,mailed_check,none,1,no,0,acc_000459_2218
C100460,60,45,,month-to-month,mailed_check,fiber,1,yes,1,acc_000460_3499
C100461,27,17,,month-to-month,e_check,fiber,0,yes,1,acc_000461_5255
C100462,78,43,106.13,month-to-month,bank_transfer,fiber,1,yes,1,acc_000462_9396
C100463,43,58,45.93,month-to-month,card,fiber,0,no,0,acc_000463_9094
C100464,44,57,81.43,two-year,e_check,fiber,0,no,0,acc_000464_9175
C100465,61,66,108.46,month-to-month,bank_transfer,fiber,3,no,0,acc_000465_1776
C100466,36,27,103.21,one-year,e_check,none,1,no,0,acc_000466_4548
C100467,30,11,45.21,month-to-month,bank_transfer,dsl,2,no,0,acc_000467_8596
C100468,50,29,77.31,month-to-month,e_check,dsl,0,yes,1,acc_000468_7289
C100469,72,68,76.54,month-to-month,e_check,none,3,yes,1,acc_000469_6477
C100470,27,43,75.81,month-to-month,bank_transfer,dsl,2,yes,1,acc_000470_6081
C100471,67,12,18.0,month-to-month,bank_transfer,dsl,2,yes,1,acc_000471_6980
C100472,75,17,90.68,month-to-month,card,dsl,1,yes,1,acc_000472_6378
C100473,56,49,31.27,one-year,e_check,none,1,no,0,acc_000473_9138
C100474,73,53,122.55,month-to-month,mailed_check,fiber,2,yes,1,acc_000474_1243
C100475,33,35,85.77,month-to-month,e_check,none,3,no,0,acc_000475_3830
C100476,39,27,67.66,two-year,mailed_check,none,1,no,0,acc_000476_4905
C100477,57,62,85.28,month-to-month,mailed_check,none,0,no,0,acc_000477_5073
C100478,25,39,73.51,month-to-month,mailed_check,dsl,1,no,0,acc_000478_5771
C100479,70,71,57.26,two-year,bank_transfer,dsl,1,no,0,acc_000479_7433
C100480,48,68,67.87,month-to-month,mailed_check,none,1,yes,1,acc_000480_3440
C100481,60,8,78.49,month-to-month,card,none,3,yes,1,acc_000481_9561
C100482,71,61,50.77,one-year,bank_transfer,fiber,2,no,0,acc_000482_4277
C100483,33,33,87.36,two-year,card,dsl,4,yes,1,acc_000483_7261
C100484,63,60,97.07,two-year,e_check,dsl,4,yes,1,acc_000484_2931
C100485,78,62,96.07,two-year,mailed_check,none,2,no,0,acc_000485_8349
C100486,49,26,,one-year,e_check,fiber,2,yes,1,acc_000486_6847
C100487,50,29,101.57,two-year,bank_transfer,fiber,3,yes,1,acc_000487_2854
C100488,71,22,87.27,month-to-month,bank_transfer,dsl,1,yes,1,acc_000488_3387
C100489,70,13,101.87,month-to-month,e_check,dsl,4,yes,1,acc_000489_1010
C100490,56,42,71.8,one-year,,fiber,2,no,0,acc_000490_6619
C100491,64,35,80.19,one-year,,none,0,no,0,acc_000491_8187
C100492,68,31,104.59,two-year,bank_transfer,none,0,no,0,acc_000492_3159
C100493,72,4,117.17,month-to-month,mailed_check,dsl,0,yes,1,acc_000493_7987
C100494,19,18,61.88,month-to-month,mailed_check,dsl,0,no,0,acc_000494_1702
C100495,35,13,35.31,one-year,card,fiber,4,no,0,acc_000495_8427
C100496,49,53,122.22,month-to-month,mailed_check,fiber,3,no,0,acc_000496_5317
C100497,20,61,98.36,month-to-month,mailed_check,none,3,yes,1,acc_000497_7280
C100498,41,29,114.56,two-year,mailed_check,fiber,0,no,0,acc_000498_8216
C100499,71,60,92.29,month-to-month,mailed_check,dsl,0,no,0,acc_000499_5656
C100500,43,11,76.27,two-year,bank_transfer,fiber,0,no,0,acc_000500_6628
C100501,58,58,55.07,one-year,card,fiber,1,no,0,acc_000501_5878
C100502,35,34,47.2,month-to-month,card,dsl,0,yes,1,acc_000502_7748
C100503,37,5,105.62,month-to-month,e_check,none,1,yes,1,acc_000503_5077
C100504,40,64,94.31,one-year,mailed_check,dsl,4,no,0,acc_000504_9713
C100505,37,47,78.19,month-to-month,card,dsl,2,no,0,acc_000505_1358
C100506,23,38,43.5,one-year,e_check,dsl,1,yes,1,acc_000506_5353
C100507,48,33,57.81,month-to-month,bank_transfer,fiber,2,no,0,acc_000507_9547
C100508,44,3,55.45,one-year,card,fiber,0,yes,1,acc_000508_9242
C100509,75,48,63.17,two-year,e_check,dsl,1,no,0,acc_000509_5152
C100510,21,25,18.0,two-year,bank_transfer,dsl,1,no,0,acc_000510_1555
C100511,29,25,75.98,two-year,e_check,fiber,3,yes,1,acc_000511_1898
C100512,25,66,108.4,month-to-month,card,none,0,no,0,acc_000512_5810
C100513,76,21,57.28,two-year,mailed_check,none,0,no,0,acc_000513_2940
C100514,52,33,71.15,month-to-month,bank_transfer,fiber,3,no,0,acc_000514_3794
C100515,41,66,,month-to-month,e_check,dsl,0,no,0,acc_000515_9760
C100516,42,43,46.26,one-year,bank_transfer,none,2,no,0,acc_000516_3297
C100517,70,49,80.96,two-year,card,none,2,no,0,acc_000517_6090
C100518,29,37,50.76,month-to-month,e_check,fiber,2,no,0,acc_000518_9952
C100519,34,45,59.83,month-to-month,card,none,3,yes,1,acc_000519_6090
C100520,68,65,76.65,month-to-month,bank_transfer,dsl,1,no,0,acc_000520_3626
C100521,60,37,69.16,two-year,card,fiber,4,no,0,acc_000521_4284
C100522,72,58,72.85,month-to-month,mailed_check,fiber,2,no,0,acc_000522_4509
C100523,55,22,48.14,month-to-month,e_check,none,3,yes,1,acc_000523_4596
C100524,49,60,88.22,one-year,card,none,1,no,0,acc_000524_2476
C100525,72,32,44.13,two-year,e_check,fiber,2,no,0,acc_000525_8723
C100526,74,6,91.08,month-to-month,bank_transfer,none,1,yes,1,acc_000526_3170
C100527,79,64,58.8,two-year,mailed_check,fiber,0,no,0,acc_000527_6616
C100528,25,61,,two-year,card,fiber,4,no,0,acc_000528_9908
C100529,59,61,,month-to-month,e_check,fiber,1,no,0,acc_000529_3233
C100530,50,58,44.8,two-year,e_check,fiber,2,no,0,acc_000530_1832
C100531,66,8,57.61,one-year,e_check,dsl,2,no,0,acc_000531_6043
C100532,77,34,66.85,two-year,mailed_check,dsl,3,no,0,acc_000532_2826
C100533,38,56,89.58,one-year,e_check,dsl,4,no,0,acc_000533_6039
C100534,76,3,89.92,month-to-month,,dsl,2,yes,1,acc_000534_1066
C100535,31,48,82.19,one-year,card,dsl,1,no,0,acc_000535_1011
C100536,23,71,63.63,month-to-month,mailed_check,none,1,no,0,acc_000536_6606
C100537,59,47,33.4,month-to-month,bank_transfer,fiber,3,no,0,acc_000537_6769
C100538,22,71,,month-to-month,card,fiber,0,no,0,acc_000538_1356
C100539,28,23,62.71,month-to-month,e_check,none,1,yes,1,acc_000539_4272
C100540,68,5,,month-to-month,bank_transfer,none,2,yes,1,acc_000540_3279
C100541,32,67,57.68,one-year,bank_transfer,dsl,0,no,0,acc_000541_9490
C100542,38,22,57.76,month-to-month,bank_transfer,fiber,0,no,0,acc_000542_9607
C100543,55,41,90.14,month-to-month,e_check,fiber,0,no,0,acc_000543_3469
C100544,28,36,38.01,one-year,mailed_check,fiber,3,no,0,acc_000544_8030
C100545,24,60,70.75,month-to-month,card,fiber,0,yes,1,acc_000545_4561
C100546,50,19,101.25,month-to-month,e_check,fiber,1,no,0,acc_000546_4327
C100547,25,6,51.74,one-year,bank_transfer,none,2,no,0,acc_000547_7926
C100548,41,25,46.47,one-year,bank_transfer,dsl,4,no,0,acc_000548_4946
C100549,59,36,65.06,one-year,bank_transfer,dsl,0,no,0,acc_000549_9187
C100550,63,14,62.16,one-year,mailed_check,none,1,yes,1,acc_000550_6136
C100551,48,18,76.93,two-year,e_check,dsl,4,yes,1,acc_000551_9107
C100552,25,2,103.56,two-year,bank_transfer,fiber,3,no,0,acc_000552_5466
C100553,26,30,67.43,two-year,,fiber,2,no,0,acc_000553_1406
C100554,48,66,84.14,month-to-month,card,fiber,0,yes,1,acc_000554_7715
C100555,54,24,56.36,one-year,mailed_check,none,0,no,0,acc_000555_9532
C100556,49,15,58.6,month-to-month,e_check,fiber,0,no,0,acc_000556_2878
C100557,65,40,77.67,two-year,e_check,dsl,1,no,0,acc_000557_1896
C100558,51,48,54.15,one-year,mailed_check,none,2,yes,1,acc_000558_6711
C100559,48,10,99.8,month-to-month,bank_transfer,dsl,1,yes,1,acc_000559_6865
C100560,43,60,60.62,month-to-month,e_check,dsl,4,no,0,acc_000560_6852
C100561,26,32,66.55,one-year,e_check,dsl,0,no,0,acc_000561_2247
C100562,46,17,45.07,one-year,bank_transfer,none,0,no,0,acc_000562_4296
C100563,30,23,59.87,month-to-month,bank_transfer,fiber,1,no,0,acc_000563_7718
C100564,79,68,46.03,month-to-month,card,dsl,2,no,0,acc_000564_7460
C100565,66,49,58.57,two-year,bank_transfer,dsl,2,no,0,acc_000565_4776
C100566,18,51,27.1,one-year,e_check,none,4,no,0,acc_000566_6293
C100567,28,18,,one-year,bank_transfer,fiber,2,no,0,acc_000567_7733
C100568,20,25,113.15,month-to-month,e_check,fiber,3,yes,1,acc_000568_6692
C100569,78,25,24.62,month-to-month,mailed_check,fiber,1,no,0,acc_000569_7255
C100570,72,55,112.96,one-year,mailed_check,dsl,3,no,0,acc_000570_1032
C100571,74,19,67.51,month-to-month,bank_transfer,fiber,1,no,0,acc_000571_1063
C100572,27,9,92.13,one-year,card,fiber,2,yes,1,acc_000572_6283
C100573,33,67,45.79,one-year,card,fiber,1,no,0,acc_000573_2401
C100574,73,25,120.11,one-year,e_check,dsl,3,no,0,acc_000574_6480
C100575,35,7,44.08,month-to-month,card,none,3,no,0,acc_000575_2405
C100576,42,70,68.56,month-to-month,card,fiber,2,no,0,acc_000576_6615
C100577,79,14,108.55,month-to-month,bank_transfer,fiber,4,yes,1,acc_000577_6906
C100578,78,48,39.15,month-to-month,mailed_check,fiber,2,yes,1,acc_000578_6575
C100579,71,63,18.0,one-year,card,fiber,3,yes,1,acc_000579_3988
C100580,32,50,68.64,month-to-month,mailed_check,none,1,no,0,acc_000580_3537
C100581,79,27,51.57,two-year,e_check,dsl,1,yes,1,acc_000581_9758
C100582,46,48,46.54,one-year,e_check,fiber,0,no,0,acc_000582_4281
C100583,62,54,47.95,one-year,card,fiber,0,no,0,acc_000583_9475
C100584,45,26,34.42,two-year,mailed_check,none,1,yes,1,acc_000584_6507
C100585,50,6,104.8,one-year,,fiber,3,yes,1,acc_000585_5408
C100586,65,6,100.35,month-to-month,mailed_check,dsl,0,yes,1,acc_000586_4357
C100587,37,11,36.85,month-to-month,e_check,fiber,0,yes,1,acc_000587_8236
C100588,33,68,67.77,month-to-month,e_check,none,2,no,0,acc_000588_7948
C100589,27,43,59.06,month-to-month,mailed_check,dsl,1,yes,1,acc_000589_7150
C100590,44,24,97.48,month-to-month,card,fiber,1,yes,1,acc_000590_4011
C100591,60,12,49.75,month-to-month,mailed_check,fiber,1,yes,1,acc_000591_3213
C100592,42,37,110.29,month-to-month,mailed_check,dsl,4,yes,1,acc_000592_1475
C100593,65,18,70.44,month-to-month,e_check,none,0,yes,1,acc_000593_2538
C100594,74,11,50.94,two-year,e_check,dsl,1,no,0,acc_000594_7954
C100595,63,26,68.14,month-to-month,e_check,dsl,1,yes,1,acc_000595_6569
C100596,32,59,55.94,month-to-month,bank_transfer,fiber,0,no,0,acc_000596_5170
C100597,38,45,125.99,month-to-month,bank_transfer,dsl,0,yes,1,acc_000597_4569
C100598,67,21,73.98,month-to-month,mailed_check,none,0,yes,1,acc_000598_4898
C100599,63,12,58.42,month-to-month,mailed_check,none,0,no,0,acc_000599_7953
C100600,20,23,72.66,one-year,bank_transfer,none,2,yes,1,acc_000600_9327
C100601,62,5,106.72,month-to-month,bank_transfer,fiber,5,yes,1,acc_000601_6677
C100602,72,67,46.55,one-year,mailed_check,fiber,1,no,0,acc_000602_6089
C100603,43,28,28.69,one-year,e_check,dsl,0,no,0,acc_000603_9291
C100604,68,71,102.7,two-year,card,fiber,5,no,0,acc_000604_2587
C100605,24,48,85.44,month-to-month,e_check,fiber,0,no,0,acc_000605_1839
C100606,36,2,59.14,month-to-month,mailed_check,fiber,2,yes,1,acc_000606_7174
C100607,79,58,68.29,month-to-month,bank_transfer,dsl,1,no,0,acc_000607_4152
C100608,38,20,97.64,one-year,bank_transfer,none,2,no,0,acc_000608_4969
C100609,58,41,18.0,month-to-month,card,fiber,2,yes,1,acc_000609_8320
C100610,20,24,101.76,one-year,e_check,fiber,1,no,0,acc_000610_5468
C100611,56,23,65.89,month-to-month,mailed_check,dsl,1,yes,1,acc_000611_3412
C100612,66,54,87.01,two-year,bank_transfer,dsl,0,no,0,acc_000612_1994
C100613,22,66,68.95,month-to-month,e_check,fiber,2,no,0,acc_000613_1949
C100614,64,64,146.86,month-to-month,bank_transfer,dsl,4,yes,1,acc_000614_8061
C100615,56,23,54.86,two-year,mailed_check,none,3,no,0,acc_000615_4111
C100616,51,71,97.5,one-year,bank_transfer,dsl,4,no,0,acc_000616_6409
C100617,51,55,18.0,one-year,e_check,dsl,0,no,0,acc_000617_2279
C100618,27,23,71.18,two-year,bank_transfer,fiber,1,no,0,acc_000618_6957
C100619,42,55,89.76,two-year,bank_transfer,dsl,2,no,0,acc_000619_6630
C100620,50,16,31.82,month-to-month,bank_transfer,dsl,0,no,0,acc_000620_1981
C100621,60,47,19.76,two-year,e_check,none,0,no,0,acc_000621_1466
C100622,37,64,72.58,month-to-month,e_check,dsl,4,no,0,acc_000622_6411
C100623,74,38,95.35,one-year,e_check,dsl,1,yes,1,acc_000623_2331
C100624,50,15,99.64,month-to-month,e_check,dsl,3,yes,1,acc_000624_4305
C100625,75,15,53.13,month-to-month,bank_transfer,fiber,3,yes,1,acc_000625_2948
C100626,76,25,78.78,month-to-month,card,fiber,1,yes,1,acc_000626_5722
C100627,25,41,35.02,month-to-month,card,fiber,2,no,0,acc_000627_8916
C100628,24,54,113.6,two-year,bank_transfer,dsl,0,no,0,acc_000628_8648
C100629,25,1,55.9,month-to-month,mailed_check,dsl,2,no,0,acc_000629_4408
C100630,72,53,101.9,one-year,mailed_check,none,1,no,0,acc_000630_1957
C100631,40,68,63.43,month-to-month,bank_transfer,fiber,0,no,0,acc_000631_7516
C100632,37,36,61.92,month-to-month,bank_transfer,dsl,2,yes,1,acc_000632_8056
C100633,62,38,110.52,month-to-month,mailed_check,fiber,4,yes,1,acc_000633_6461
C100634,44,49,48.43,month-to-month,card,none,2,no,0,acc_000634_7078
C100635,26,34,102.35,month-to-month,mailed_check,dsl,1,no,0,acc_000635_2999
C100636,58,16,61.23,one-year,bank_transfer,fiber,3,no,0,acc_000636_8240
C100637,31,68,48.21,month-to-month,mailed_check,fiber,1,yes,1,acc_000637_1768
C100638,49,39,49.22,month-to-month,mailed_check,dsl,1,yes,1,acc_000638_1020
C100639,34,61,98.21,one-year,card,fiber,2,no,0,acc_000639_1904
C100640,25,32,68.09,month-to-month,bank_transfer,fiber,1,yes,1,acc_000640_2810
C100641,50,21,61.25,month-to-month,e_check,fiber,1,yes,1,acc_000641_8540
C100642,74,37,32.46,two-year,e_check,fiber,1,no,0,acc_000642_8625
C100643,75,67,99.37,two-year,mailed_check,dsl,0,no,0,acc_000643_4102
C100644,60,48,96.24,month-to-month,card,fiber,1,no,0,acc_000644_2307
C100645,58,65,78.12,month-to-month,card,fiber,4,yes,1,acc_000645_5593
C100646,37,55,89.47,two-year,mailed_check,dsl,4,yes,1,acc_000646_5519
C100647,51,12,18.0,month-to-month,e_check,dsl,4,yes,1,acc_000647_3067
C100648,31,9,56.77,month-to-month,mailed_check,fiber,1,yes,1,acc_000648_5818
C100649,51,31,74.07,month-to-month,,fiber,1,yes,1,acc_000649_1030
C100650,60,43,72.66,one-year,mailed_check,fiber,1,no,0,acc_000650_2223
C100651,56,28,55.83,month-to-month,mailed_check,none,1,no,0,acc_000651_6117
C100652,72,25,75.95,month-to-month,mailed_check,dsl,0,no,0,acc_000652_1691
C100653,65,40,51.79,two-year,mailed_check,fiber,3,no,0,acc_000653_5957
C100654,41,28,53.66,month-to-month,card,none,3,yes,1,acc_000654_1976
C100655,46,47,38.9,month-to-month,mailed_check,none,1,no,0,acc_000655_6884
C100656,56,37,73.44,two-year,e_check,fiber,1,no,0,acc_000656_2420
C100657,56,29,51.98,month-to-month,card,dsl,1,yes,1,acc_000657_1763
C100658,47,8,57.44,two-year,card,dsl,0,no,0,acc_000658_1280
C100659,66,48,104.62,month-to-month,e_check,fiber,2,no,0,acc_000659_8495
C100660,56,51,68.92,two-year,e_check,fiber,3,no,0,acc_000660_3884
C100661,39,45,69.11,month-to-month,bank_transfer,dsl,1,yes,1,acc_000661_6575
C100662,79,27,31.63,month-to-month,bank_transfer,dsl,3,yes,1,acc_000662_9237
C100663,41,36,56.91,one-year,e_check,none,2,yes,1,acc_000663_4043
C100664,77,70,94.54,one-year,e_check,fiber,1,no,0,acc_000664_4714
C100665,24,2,83.78,month-to-month,mailed_check,fiber,3,yes,1,acc_000665_7056
C100666,56,23,71.33,one-year,e_check,none,4,yes,1,acc_000666_3611
C100667,31,19,65.6,month-to-month,e_check,dsl,2,yes,1,acc_000667_8565
C100668,59,70,71.65,one-year,card,fiber,1,no,0,acc_000668_2453
C100669,55,27,79.94,month-to-month,mailed_check,none,2,yes,1,acc_000669_1936
C100670,60,13,61.87,month-to-month,mailed_check,dsl,1,yes,1,acc_000670_3786
C100671,71,51,18.0,month-to-month,e_check,none,0,no,0,acc_000671_1349
C100672,74,61,119.13,one-year,bank_transfer,fiber,1,no,0,acc_000672_6226
C100673,44,26,98.4,one-year,mailed_check,fiber,0,no,0,acc_000673_9737
C100674,72,28,66.14,month-to-month,bank_transfer,none,4,yes,1,acc_000674_7402
C100675,52,19,105.26,one-year,e_check,fiber,4,yes,1,acc_000675_7845
C100676,60,48,37.35,month-to-month,e_check,none,1,no,0,acc_000676_9228
C100677,59,3,102.23,one-year,e_check,none,3,no,0,acc_000677_9109
C100678,77,27,74.77,month-to-month,card,fiber,0,no,0,acc_000678_8458
C100679,46,51,92.2,two-year,card,fiber,2,no,0,acc_000679_7556
C100680,57,28,61.36,one-year,e_check,dsl,1,no,0,acc_000680_7889
C100681,64,27,73.77,month-to-month,e_check,dsl,0,no,0,acc_000681_1993
C100682,26,60,84.6,one-year,mailed_check,fiber,3,no,0,acc_000682_5105
C100683,27,38,96.2,month-to-month,mailed_check,dsl,0,no,0,acc_000683_9715
C100684,57,9,82.85,month-to-month,card,fiber,5,yes,1,acc_000684_6538
C100685,27,63,81.08,month-to-month,bank_transfer,dsl,3,no,0,acc_000685_8894
C100686,27,71,55.19,one-year,mailed_check,fiber,1,no,0,acc_000686_1229
C100687,77,47,112.91,two-year,e_check,fiber,0,yes,1,acc_000687_2222
C100688,20,17,75.2,month-to-month,e_check,dsl,1,no,0,acc_000688_3475
C100689,58,18,64.35,month-to-month,e_check,dsl,1,no,0,acc_000689_6887
C100690,35,37,61.88,month-to-month,bank_transfer,fiber,2,yes,1,acc_000690_8139
C100691,19,20,39.92,two-year,card,none,2,yes,1,acc_000691_6804
C100692,54,56,51.52,two-year,card,none,3,no,0,acc_000692_4375
C100693,50,45,31.91,month-to-month,bank_transfer,none,3,no,0,acc_000693_1146
C100694,31,71,75.08,month-to-month,card,fiber,1,no,0,acc_000694_6910
C100695,71,59,67.95,month-to-month,e_check,none,0,no,0,acc_000695_4559
C100696,58,16,75.45,month-to-month,card,dsl,4,yes,1,acc_000696_9464
C100697,72,13,38.73,month-to-month,card,dsl,0,no,0,acc_000697_4775
C100698,35,41,59.43,month-to-month,bank_transfer,dsl,3,no,0,acc_000698_4986
C100699,76,30,,month-to-month,bank_transfer,dsl,5,yes,1,acc_000699_1891
C100700,67,22,94.76,month-to-month,bank_transfer,dsl,1,yes,1,acc_000700_7682
C100701,46,15,32.7,month-to-month,e_check,fiber,3,yes,1,acc_000701_3104
C100702,56,27,32.0,month-to-month,e_check,none,0,no,0,acc_000702_3287
C100703,24,9,102.08,one-year,e_check,fiber,0,yes,1,acc_000703_3374
C100704,52,2,79.0,two-year,bank_transfer,fiber,2,yes,1,acc_000704_6686
C100705,73,50,30.77,month-to-month,card,dsl,0,no,0,acc_000705_1966
C100706,18,58,103.7,one-year,e_check,fiber,1,no,0,acc_000706_8836
C100707,78,29,107.28,month-to-month,bank_transfer,fiber,1,yes,1,acc_000707_1615
C100708,21,32,98.52,two-year,e_check,none,3,no,0,acc_000708_4134
C100709,24,30,,month-to-month,e_check,fiber,0,yes,1,acc_000709_4660
C100710,50,16,72.98,month-to-month,e_check,dsl,0,yes,1,acc_000710_5748
C100711,34,60,48.34,two-year,e_check,dsl,2,no,0,acc_000711_3596
C100712,69,45,63.31,month-to-month,bank_transfer,fiber,0,yes,1,acc_000712_7721
C100713,37,1,30.46,month-to-month,mailed_check,dsl,2,yes,1,acc_000713_1528
C100714,39,20,113.31,month-to-month,e_check,none,2,no,0,acc_000714_6358
C100715,38,17,52.65,two-year,e_check,dsl,0,no,0,acc_000715_1566
C100716,43,35,76.89,month-to-month,e_check,fiber,2,no,0,acc_000716_2608
C100717,71,4,90.07,month-to-month,mailed_check,fiber,0,yes,1,acc_000717_9354
C100718,35,13,85.29,one-year,mailed_check,fiber,0,yes,1,acc_000718_9700
C100719,38,2,80.25,month-to-month,bank_transfer,fiber,0,yes,1,acc_000719_6691
C100720,42,14,60.18,two-year,bank_transfer,dsl,3,no,0,acc_000720_9866
C100721,20,38,75.47,one-year,e_check,fiber,3,no,0,acc_000721_2312
C100722,40,3,64.43,one-year,card,fiber,4,yes,1,acc_000722_7584
C100723,64,23,18.0,month-to-month,mailed_check,fiber,0,yes,1,acc_000723_6118
C100724,73,53,94.95,two-year,mailed_check,fiber,1,no,0,acc_000724_6463
C100725,49,49,54.25,month-to-month,bank_transfer,fiber,1,no,0,acc_000725_2754
C100726,34,11,56.9,month-to-month,,fiber,2,yes,1,acc_000726_4359
C100727,68,14,59.63,one-year,card,dsl,0,no,0,acc_000727_3493
C100728,56,58,35.2,one-year,e_check,dsl,2,no,0,acc_000728_5853
C100729,58,10,39.63,month-to-month,mailed_check,dsl,0,no,0,acc_000729_4012
C100730,49,34,24.84,two-year,e_check,fiber,2,no,0,acc_000730_4248
C100731,78,53,81.64,month-to-month,e_check,fiber,1,no,0,acc_000731_2469
C100732,24,39,99.46,month-to-month,card,fiber,6,yes,1,acc_000732_8788
C100733,48,4,71.79,one-year,e_check,fiber,2,no,0,acc_000733_6506
C100734,45,2,41.28,month-to-month,bank_transfer,fiber,2,yes,1,acc_000734_4430
C100735,49,40,102.59,month-to-month,card,fiber,2,no,0,acc_000735_6025
C100736,52,60,61.93,month-to-month,mailed_check,fiber,2,yes,1,acc_000736_7183
C100737,77,4,30.05,month-to-month,e_check,none,2,yes,1,acc_000737_5428
C100738,26,70,22.85,month-to-month,e_check,dsl,1,no,0,acc_000738_8872
C100739,29,67,74.45,one-year,card,fiber,1,no,0,acc_000739_4282
C100740,70,39,106.01,month-to-month,card,fiber,3,yes,1,acc_000740_1656
C100741,41,64,60.29,month-to-month,mailed_check,none,2,no,0,acc_000741_3399
C100742,69,59,54.02,month-to-month,mailed_check,dsl,1,yes,1,acc_000742_4741
C100743,78,4,63.04,month-to-month,card,fiber,1,yes,1,acc_000743_4297
C100744,26,71,48.65,month-to-month,mailed_check,fiber,1,no,0,acc_000744_1702
C100745,79,67,,month-to-month,mailed_check,fiber,2,no,0,acc_000745_7134
C100746,23,15,76.19,month-to-month,card,dsl,3,yes,1,acc_000746_2258
C100747,68,40,,one-year,card,dsl,1,no,0,acc_000747_3544
C100748,48,51,93.18,month-to-month,e_check,fiber,3,yes,1,acc_000748_4110
C100749,61,53,45.43,one-year,mailed_check,fiber,3,no,0,acc_000749_5700
C100750,65,40,87.58,two-year,mailed_check,fiber,0,no,0,acc_000750_3691
C100751,69,60,78.51,month-to-month,card,dsl,0,yes,1,acc_000751_4869
C100752,45,30,60.2,one-year,card,none,0,no,0,acc_000752_8850
C100753,72,33,62.42,month-to-month,card,dsl,0,no,0,acc_000753_9204
C100754,64,44,61.73,month-to-month,e_check,fiber,1,yes,1,acc_000754_7997
C100755,57,33,111.83,two-year,,fiber,3,yes,1,acc_000755_9605
C100756,54,27,,month-to-month,mailed_check,none,2,no,0,acc_000756_2215
C100757,48,24,99.55,two-year,mailed_check,none,2,yes,1,acc_000757_6750
C100758,62,67,95.08,two-year,card,fiber,2,no,0,acc_000758_6947
C100759,50,44,61.39,month-to-month,mailed_check,none,5,yes,1,acc_000759_1331
C100760,47,48,110.29,two-year,mailed_check,fiber,1,no,0,acc_000760_9495
C100761,37,3,18.0,two-year,card,dsl,2,no,0,acc_000761_8979
C100762,79,64,75.98,month-to-month,bank_transfer,fiber,2,yes,1,acc_000762_6175
C100763,41,49,73.07,two-year,bank_transfer,dsl,3,no,0,acc_000763_4059
C100764,31,13,70.34,one-year,mailed_check,fiber,3,yes,1,acc_000764_8382
C100765,65,53,90.77,month-to-month,card,fiber,2,yes,1,acc_000765_7862
C100766,70,57,59.84,month-to-month,mailed_check,fiber,1,yes,1,acc_000766_7231
C100767,20,50,65.18,two-year,e_check,dsl,2,no,0,acc_000767_5413
C100768,61,12,98.59,two-year,mailed_check,fiber,0,yes,1,acc_000768_1594
C100769,72,44,66.94,two-year,e_check,dsl,0,no,0,acc_000769_3445
C100770,20,39,43.99,month-to-month,bank_transfer,dsl,0,no,0,acc_000770_6176
C100771,35,23,84.08,month-to-month,mailed_check,dsl,0,no,0,acc_000771_3572
C100772,48,18,67.76,month-to-month,bank_transfer,dsl,0,yes,1,acc_000772_5121
C100773,53,49,55.73,month-to-month,e_check,dsl,1,no,0,acc_000773_1088
C100774,79,30,83.64,one-year,mailed_check,dsl,2,no,0,acc_000774_3555
C100775,29,28,50.55,month-to-month,e_check,fiber,2,yes,1,acc_000775_5416
C100776,34,37,45.3,one-year,e_check,fiber,1,no,0,acc_000776_2094
C100777,68,46,63.3,month-to-month,mailed_check,dsl,2,no,0,acc_000777_4441
C100778,77,34,65.07,month-to-month,e_check,dsl,0,yes,1,acc_000778_3417
C100779,64,18,71.15,one-year,card,fiber,0,no,0,acc_000779_2407
C100780,19,66,39.72,two-year,mailed_check,fiber,3,no,0,acc_000780_4948
C100781,29,19,112.82,month-to-month,card,none,2,yes,1,acc_000781_8652
C100782,69,69,86.72,month-to-month,mailed_check,fiber,0,no,0,acc_000782_2240
C100783,47,47,73.39,month-to-month,bank_transfer,dsl,1,no,0,acc_000783_6361
C100784,55,8,75.57,one-year,mailed_check,dsl,2,yes,1,acc_000784_1562
C100785,49,13,18.0,one-year,e_check,fiber,2,no,0,acc_000785_7840
C100786,64,1,92.94,one-year,e_check,fiber,2,no,0,acc_000786_9975
C100787,54,60,44.25,month-to-month,card,dsl,0,no,0,acc_000787_7858
C100788,56,34,,month-to-month,card,none,2,yes,1,acc_000788_5878
C100789,20,59,39.96,two-year,mailed_check,none,1,no,0,acc_000789_7351
C100790,24,42,94.46,month-to-month,mailed_check,dsl,0,no,0,acc_000790_8316
C100791,66,40,56.45,one-year,bank_transfer,dsl,3,no,0,acc_000791_7554
C100792,64,27,64.51,month-to-month,bank_transfer,fiber,2,no,0,acc_000792_4974
C100793,61,19,108.04,one-year,card,dsl,2,no,0,acc_000793_9794
C100794,65,38,94.57,month-to-month,mailed_check,fiber,0,yes,1,acc_000794_3092
C100795,56,25,35.44,one-year,mailed_check,fiber,1,yes,1,acc_000795_5162
C100796,19,67,52.37,month-to-month,mailed_check,dsl,4,no,0,acc_000796_7485
C100797,39,11,74.68,two-year,card,fiber,1,no,0,acc_000797_9098
C100798,48,23,63.98,one-year,card,fiber,1,no,0,acc_000798_8439
C100799,56,53,,one-year,card,fiber,4,no,0,acc_000799_4921
C100800,50,1,52.71,month-to-month,e_check,dsl,2,yes,1,acc_000800_3563
C100801,53,68,22.91,one-year,e_check,dsl,0,no,0,acc_000801_7813
C100802,77,24,47.02,month-to-month,bank_transfer,dsl,1,no,0,acc_000802_9095
C100803,35,9,65.2,one-year,mailed_check,none,2,yes,1,acc_000803_3657
C100804,45,1,83.52,month-to-month,e_check,fiber,1,yes,1,acc_000804_2596
C100805,43,6,88.42,month-to-month,e_check,fiber,2,yes,1,acc_000805_8540
C100806,59,71,100.98,month-to-month,e_check,dsl,2,no,0,acc_000806_1562
C100807,76,31,75.71,two-year,bank_transfer,dsl,2,no,0,acc_000807_3856
C100808,79,40,64.75,one-year,mailed_check,none,3,no,0,acc_000808_1438
C100809,36,69,88.1,month-to-month,mailed_check,none,1,no,0,acc_000809_3539
C100810,24,27,67.33,month-to-month,e_check,fiber,1,yes,1,acc_000810_9951
C100811,48,15,58.1,month-to-month,card,dsl,1,no,0,acc_000811_3441
C100812,43,15,58.13,one-year,bank_transfer,dsl,2,yes,1,acc_000812_6059
C100813,39,15,93.04,month-to-month,e_check,fiber,2,yes,1,acc_000813_5085
C100814,57,48,106.97,month-to-month,bank_transfer,fiber,0,yes,1,acc_000814_2780
C100815,59,29,102.73,two-year,card,dsl,2,yes,1,acc_000815_3226
C100816,20,35,,month-to-month,e_check,fiber,1,no,0,acc_000816_7426
C100817,42,24,97.15,two-year,bank_transfer,dsl,1,yes,1,acc_000817_2295
C100818,38,59,41.81,month-to-month,mailed_check,dsl,0,no,0,acc_000818_9286
C100819,75,19,61.29,two-year,bank_transfer,none,0,no,0,acc_000819_4064
C100820,76,23,84.48,month-to-month,e_check,fiber,1,yes,1,acc_000820_7469
C100821,27,41,36.48,month-to-month,bank_transfer,fiber,3,no,0,acc_000821_5537
C100822,76,59,39.15,month-to-month,e_check,none,0,no,0,acc_000822_4945
C100823,36,8,51.07,month-to-month,bank_transfer,fiber,1,yes,1,acc_000823_9282
C100824,26,13,112.04,one-year,card,dsl,1,no,0,acc_000824_9083
C100825,78,7,96.75,one-year,e_check,fiber,3,no,0,acc_000825_6303
C100826,34,12,47.37,month-to-month,e_check,fiber,1,yes,1,acc_000826_9450
C100827,58,35,73.29,one-year,e_check,dsl,3,no,0,acc_000827_5866
C100828,43,18,73.22,two-year,mailed_check,fiber,3,yes,1,acc_000828_7598
C100829,63,68,77.65,one-year,mailed_check,dsl,3,no,0,acc_000829_7894
C100830,33,3,52.08,month-to-month,e_check,fiber,2,yes,1,acc_000830_4384
C100831,46,14,105.87,one-year,e_check,none,3,yes,1,acc_000831_4393
C100832,31,67,60.36,one-year,e_check,dsl,2,no,0,acc_000832_6982
C100833,22,17,90.33,one-year,bank_transfer,fiber,1,yes,1,acc_000833_1670
C100834,60,50,27.74,two-year,e_check,none,2,no,0,acc_000834_9959
C100835,20,17,79.64,two-year,e_check,fiber,1,yes,1,acc_000835_2064
C100836,23,70,73.47,month-to-month,mailed_check,fiber,2,yes,1,acc_000836_8891
C100837,65,6,103.79,month-to-month,mailed_check,dsl,0,yes,1,acc_000837_8774
C100838,44,36,18.0,month-to-month,bank_transfer,fiber,1,no,0,acc_000838_8021
C100839,78,7,83.73,two-year,card,dsl,1,no,0,acc_000839_2320
C100840,36,13,90.18,two-year,e_check,dsl,1,no,0,acc_000840_6272
C100841,47,23,63.22,one-year,card,fiber,0,yes,1,acc_000841_1594
C100842,34,56,102.74,one-year,bank_transfer,dsl,1,no,0,acc_000842_8790
C100843,62,21,122.43,month-to-month,e_check,dsl,2,yes,1,acc_000843_1723
C100844,20,61,91.88,month-to-month,e_check,dsl,0,yes,1,acc_000844_2175
C100845,39,42,90.1,month-to-month,bank_transfer,dsl,1,yes,1,acc_000845_4779
C100846,44,68,103.6,month-to-month,bank_transfer,fiber,0,no,0,acc_000846_1643
C100847,64,12,80.85,month-to-month,e_check,fiber,0,yes,1,acc_000847_6469
C100848,66,28,100.58,month-to-month,e_check,fiber,0,no,0,acc_000848_3664
C100849,34,65,84.86,month-to-month,e_check,dsl,0,no,0,acc_000849_1863
C100850,79,58,52.76,month-to-month,mailed_check,fiber,1,yes,1,acc_000850_6654
C100851,41,41,43.6,month-to-month,card,fiber,2,no,0,acc_000851_2776
C100852,34,1,99.27,month-to-month,mailed_check,dsl,1,yes,1,acc_000852_4854
C100853,66,58,84.86,one-year,mailed_check,dsl,2,no,0,acc_000853_6539
C100854,70,61,53.13,one-year,bank_transfer,fiber,1,yes,1,acc_000854_5776
C100855,49,10,70.55,two-year,mailed_check,dsl,0,yes,1,acc_000855_6585
C100856,55,44,106.52,two-year,,fiber,2,yes,1,acc_000856_2184
C100857,50,58,27.02,two-year,card,fiber,3,no,0,acc_000857_1183
C100858,70,45,47.33,one-year,mailed_check,dsl,0,no,0,acc_000858_5952
C100859,19,29,87.36,month-to-month,bank_transfer,dsl,0,no,0,acc_000859_6448
C100860,47,43,90.5,month-to-month,card,dsl,4,no,0,acc_000860_2005
C100861,37,24,40.6,month-to-month,mailed_check,dsl,0,no,0,acc_000861_6296
C100862,52,51,44.99,month-to-month,mailed_check,none,2,no,0,acc_000862_2814
C100863,34,63,74.04,one-year,e_check,fiber,2,no,0,acc_000863_7368
C100864,67,17,105.05,month-to-month,card,fiber,6,yes,1,acc_000864_9191
C100865,44,32,70.2,one-year,e_check,dsl,2,no,0,acc_000865_4994
C100866,42,41,18.0,two-year,bank_transfer,none,0,no,0,acc_000866_4231
C100867,28,21,95.65,one-year,mailed_check,none,2,no,0,acc_000867_4874
C100868,51,35,69.36,month-to-month,mailed_check,dsl,1,yes,1,acc_000868_5151
C100869,75,29,58.43,one-year,card,dsl,0,yes,1,acc_000869_6876
C100870,70,28,40.86,two-year,e_check,fiber,1,no,0,acc_000870_5584
C100871,68,42,99.79,month-to-month,card,fiber,2,yes,1,acc_000871_7662
C100872,54,66,76.59,one-year,bank_transfer,dsl,0,no,0,acc_000872_9499
C100873,67,18,80.02,one-year,e_check,dsl,1,no,0,acc_000873_5262
C100874,19,34,78.67,one-year,e_check,dsl,2,no,0,acc_000874_5732
C100875,43,36,80.81,month-to-month,bank_transfer,none,1,no,0,acc_000875_3453
C100876,49,55,90.84,month-to-month,e_check,fiber,0,no,0,acc_000876_3842
C100877,58,24,112.79,month-to-month,card,dsl,1,no,0,acc_000877_9055
C100878,43,70,43.31,one-year,e_check,fiber,0,no,0,acc_000878_3292
C100879,39,10,68.02,two-year,card,none,0,no,0,acc_000879_6139
C100880,21,53,58.56,month-to-month,mailed_check,fiber,2,no,0,acc_000880_6486
C100881,35,3,112.0,one-year,card,dsl,1,yes,1,acc_000881_7693
C100882,21,25,62.69,month-to-month,mailed_check,dsl,1,no,0,acc_000882_2658
C100883,74,59,29.58,one-year,mailed_check,dsl,2,no,0,acc_000883_6204
C100884,46,2,69.22,month-to-month,mailed_check,none,0,no,0,acc_000884_5592
C100885,66,64,51.56,two-year,bank_transfer,fiber,1,no,0,acc_000885_9903
C100886,78,60,51.38,month-to-month,bank_transfer,fiber,0,no,0,acc_000886_3130
C100887,71,21,58.71,month-to-month,card,none,1,no,0,acc_000887_2754
C100888,66,50,37.17,one-year,card,dsl,1,no,0,acc_000888_8153
C100889,57,55,21.51,two-year,bank_transfer,dsl,0,no,0,acc_000889_6395
C100890,51,10,118.69,month-to-month,e_check,fiber,2,yes,1,acc_000890_5562
C100891,59,29,66.72,month-to-month,card,fiber,3,no,0,acc_000891_1918
C100892,21,22,46.47,month-to-month,bank_transfer,fiber,1,no,0,acc_000892_7474
C100893,79,25,85.48,two-year,mailed_check,dsl,1,no,0,acc_000893_6218
C100894,31,6,103.26,month-to-month,card,dsl,0,yes,1,acc_000894_4059
C100895,53,21,26.14,one-year,bank_transfer,fiber,5,no,0,acc_000895_4005
C100896,26,63,58.7,one-year,bank_transfer,dsl,3,no,0,acc_000896_7382
C100897,34,24,76.92,two-year,bank_transfer,none,1,no,0,acc_000897_6914
C100898,33,29,48.75,month-to-month,bank_transfer,none,1,no,0,acc_000898_9608
C100899,30,26,81.16,one-year,bank_transfer,fiber,2,yes,1,acc_000899_3492
C100900,38,70,38.91,month-to-month,e_check,dsl,0,no,0,acc_000900_6708
C100901,75,9,53.2,month-to-month,card,fiber,0,yes,1,acc_000901_6097
C100902,74,19,66.83,month-to-month,card,none,0,no,0,acc_000902_5324
C100903,30,59,80.6,month-to-month,e_check,fiber,1,yes,1,acc_000903_7988
C100904,27,31,70.85,month-to-month,mailed_check,fiber,3,yes,1,acc_000904_8996
C100905,21,31,52.82,month-to-month,bank_transfer,fiber,0,no,0,acc_000905_2787
C100906,56,39,60.64,month-to-month,card,dsl,1,no,0,acc_000906_2451
C100907,53,14,,month-to-month,mailed_check,dsl,0,no,0,acc_000907_7835
C100908,18,11,123.29,month-to-month,bank_transfer,fiber,2,yes,1,acc_000908_1820
C100909,23,30,59.62,month-to-month,bank_transfer,none,4,no,0,acc_000909_1162
C100910,76,67,62.47,one-year,mailed_check,none,2,no,0,acc_000910_8433
C100911,46,34,76.49,one-year,bank_transfer,none,1,no,0,acc_000911_9441
C100912,38,1,84.15,two-year,,dsl,0,no,0,acc_000912_3758
C100913,37,54,78.44,month-to-month,card,fiber,1,no,0,acc_000913_5729
C100914,68,43,52.88,two-year,bank_transfer,dsl,3,no,0,acc_000914_7407
C100915,38,12,28.35,month-to-month,bank_transfer,dsl,1,no,0,acc_000915_9792
C100916,71,16,65.47,month-to-month,card,dsl,4,yes,1,acc_000916_3461
C100917,64,36,49.86,month-to-month,mailed_check,fiber,0,no,0,acc_000917_5285
C100918,20,55,56.0,month-to-month,,dsl,2,yes,1,acc_000918_8823
C100919,38,55,69.78,month-to-month,mailed_check,none,5,yes,1,acc_000919_3420
C100920,67,35,75.86,month-to-month,e_check,none,2,no,0,acc_000920_6271
C100921,74,58,102.17,one-year,bank_transfer,dsl,1,no,0,acc_000921_7153
C100922,38,70,66.13,one-year,bank_transfer,dsl,2,no,0,acc_000922_4325
C100923,68,11,26.59,month-to-month,mailed_check,dsl,1,yes,1,acc_000923_5127
C100924,67,62,84.46,one-year,card,fiber,1,no,0,acc_000924_5193
C100925,70,26,93.02,month-to-month,card,none,3,yes,1,acc_000925_3589
C100926,77,27,28.63,two-year,card,none,4,no,0,acc_000926_8736
C100927,34,50,84.98,one-year,,dsl,0,no,0,acc_000927_4656
C100928,58,5,74.48,month-to-month,,none,2,yes,1,acc_000928_8801
C100929,39,25,56.2,two-year,e_check,fiber,3,no,0,acc_000929_8707
C100930,46,43,74.08,month-to-month,e_check,dsl,2,yes,1,acc_000930_5905
C100931,34,47,79.53,month-to-month,bank_transfer,dsl,3,no,0,acc_000931_2881
C100932,53,19,84.61,one-year,mailed_check,fiber,1,no,0,acc_000932_2745
C100933,43,19,98.52,one-year,e_check,fiber,3,no,0,acc_000933_2082
C100934,41,52,69.46,month-to-month,mailed_check,fiber,0,no,0,acc_000934_5221
C100935,36,23,69.62,month-to-month,e_check,dsl,1,no,0,acc_000935_1222
C100936,37,29,130.25,month-to-month,bank_transfer,fiber,2,yes,1,acc_000936_7926
C100937,42,6,43.0,two-year,bank_transfer,dsl,3,no,0,acc_000937_7305
C100938,36,9,62.91,month-to-month,bank_transfer,none,2,no,0,acc_000938_3026
C100939,56,46,60.9,month-to-month,e_check,fiber,0,no,0,acc_000939_2701
C100940,43,48,89.01,two-year,e_check,dsl,0,no,0,acc_000940_9140
C100941,54,21,97.5,month-to-month,mailed_check,none,2,yes,1,acc_000941_3326
C100942,23,64,36.69,month-to-month,card,dsl,2,yes,1,acc_000942_4216
C100943,65,7,100.61,two-year,bank_transfer,fiber,1,yes,1,acc_000943_7621
C100944,43,44,40.01,month-to-month,card,fiber,1,no,0,acc_000944_4065
C100945,69,19,135.12,month-to-month,card,fiber,1,no,0,acc_000945_1244
C100946,79,15,52.99,month-to-month,bank_transfer,dsl,1,yes,1,acc_000946_5723
C100947,41,13,97.46,one-year,e_check,dsl,1,yes,1,acc_000947_8503
C100948,23,34,63.09,month-to-month,mailed_check,dsl,1,no,0,acc_000948_1533
C100949,73,27,87.56,month-to-month,e_check,fiber,0,no,0,acc_000949_4600
C100950,35,65,51.05,month-to-month,card,fiber,0,yes,1,acc_000950_5391
C100951,43,68,73.12,month-to-month,card,fiber,2,no,0,acc_000951_7763
C100952,39,21,70.38,one-year,bank_transfer,fiber,2,no,0,acc_000952_5678
C100953,31,66,72.12,month-to-month,bank_transfer,fiber,1,no,0,acc_000953_8475
C100954,70,34,89.7,month-to-month,bank_transfer,none,1,yes,1,acc_000954_6630
C100955,42,60,58.77,month-to-month,bank_transfer,fiber,1,no,0,acc_000955_4159
C100956,40,4,61.69,one-year,e_check,fiber,1,no,0,acc_000956_9686
C100957,35,57,36.86,month-to-month,bank_transfer,fiber,1,yes,1,acc_000957_7830
C100958,61,52,66.33,two-year,card,fiber,0,no,0,acc_000958_1770
C100959,33,65,57.5,month-to-month,card,none,1,no,0,acc_000959_6375
C100960,19,14,91.95,month-to-month,mailed_check,none,0,yes,1,acc_000960_1638
C100961,25,13,86.61,month-to-month,card,dsl,1,no,0,acc_000961_3976
C100962,69,60,51.7,month-to-month,e_check,fiber,1,no,0,acc_000962_3457
C100963,72,36,80.9,month-to-month,bank_transfer,none,1,no,0,acc_000963_8308
C100964,30,43,102.72,month-to-month,bank_transfer,dsl,0,no,0,acc_000964_3370
C100965,33,56,64.57,two-year,mailed_check,fiber,1,no,0,acc_000965_4501
C100966,61,70,40.45,two-year,e_check,fiber,2,no,0,acc_000966_3750
C100967,73,67,131.46,one-year,e_check,fiber,1,no,0,acc_000967_1880
C100968,47,41,83.69,one-year,mailed_check,fiber,2,no,0,acc_000968_3281
C100969,74,44,87.45,month-to-month,mailed_check,fiber,3,yes,1,acc_000969_4549
C100970,30,19,132.54,month-to-month,,dsl,1,yes,1,acc_000970_7926
C100971,79,10,49.84,month-to-month,e_check,fiber,0,no,0,acc_000971_2834
C100972,43,15,77.49,one-year,bank_transfer,fiber,1,no,0,acc_000972_1701
C100973,40,25,22.39,month-to-month,e_check,dsl,1,no,0,acc_000973_5709
C100974,43,34,82.17,month-to-month,e_check,fiber,3,yes,1,acc_000974_8504
C100975,19,14,79.74,two-year,bank_transfer,dsl,2,no,0,acc_000975_5935
C100976,69,36,50.24,month-to-month,card,fiber,5,yes,1,acc_000976_8571
C100977,66,55,48.5,two-year,e_check,dsl,0,no,0,acc_000977_7224
C100978,25,31,65.44,month-to-month,bank_transfer,dsl,1,no,0,acc_000978_8024
C100979,66,58,64.07,month-to-month,,fiber,2,no,0,acc_000979_9360
C100980,27,57,109.48,month-to-month,card,fiber,3,yes,1,acc_000980_3032
C100981,74,29,63.73,month-to-month,card,fiber,0,yes,1,acc_000981_6553
C100982,35,13,65.87,month-to-month,bank_transfer,fiber,3,yes,1,acc_000982_7474
C100983,50,1,65.43,one-year,bank_transfer,fiber,1,yes,1,acc_000983_1560
C100984,63,31,29.8,two-year,card,fiber,1,no,0,acc_000984_3047
C100985,70,66,57.64,month-to-month,e_check,none,0,no,0,acc_000985_2318
C100986,27,5,35.99,month-to-month,mailed_check,fiber,2,yes,1,acc_000986_6410
C100987,38,63,73.01,two-year,e_check,fiber,0,yes,1,acc_000987_7387
C100988,53,38,18.0,month-to-month,card,fiber,1,no,0,acc_000988_6045
C100989,21,66,41.66,month-to-month,card,dsl,2,no,0,acc_000989_1876
C100990,36,53,76.19,one-year,bank_transfer,none,1,no,0,acc_000990_4534
C100991,32,54,18.0,one-year,,fiber,4,no,0,acc_000991_8622
C100992,64,22,30.79,month-to-month,bank_transfer,dsl,0,no,0,acc_000992_8003
C100993,72,71,94.71,month-to-month,e_check,dsl,4,no,0,acc_000993_2453
C100994,49,21,36.47,one-year,bank_transfer,dsl,2,no,0,acc_000994_8421
C100995,64,20,69.57,month-to-month,bank_transfer,none,1,yes,1,acc_000995_7820
C100996,59,5,77.49,one-year,,dsl,1,no,0,acc_000996_1484
C100997,27,9,43.24,month-to-month,mailed_check,dsl,2,yes,1,acc_000997_4579
C100998,66,38,27.51,month-to-month,e_check,none,1,yes,1,acc_000998_6968
C100999,39,60,108.03,one-year,bank_transfer,dsl,0,no,0,acc_000999_6532
C101000,18,17,55.83,one-year,mailed_check,dsl,3,yes,1,acc_001000_9168
C101001,47,58,82.73,two-year,e_check,dsl,2,no,0,acc_001001_2467
C101002,63,49,50.76,one-year,e_check,dsl,0,no,0,acc_001002_6368
C101003,75,19,78.91,one-year,card,dsl,0,no,0,acc_001003_6729
C101004,73,10,36.92,one-year,card,none,0,no,0,acc_001004_8926
C101005,68,43,35.37,month-to-month,mailed_check,none,1,yes,1,acc_001005_5414
C101006,71,11,43.6,two-year,bank_transfer,dsl,2,yes,1,acc_001006_6948
C101007,32,7,54.06,one-year,e_check,fiber,2,no,0,acc_001007_7260
C101008,37,33,54.06,month-to-month,card,none,0,yes,1,acc_001008_7164
C101009,34,11,61.51,month-to-month,mailed_check,dsl,0,no,0,acc_001009_3434
C101010,79,68,80.62,month-to-month,card,dsl,1,no,0,acc_001010_6479
C101011,74,69,56.35,month-to-month,e_check,none,1,no,0,acc_001011_4715
C101012,57,62,93.18,one-year,card,fiber,1,no,0,acc_001012_8889
C101013,64,62,53.18,two-year,e_check,dsl,1,no,0,acc_001013_7774
C101014,26,46,86.36,two-year,card,fiber,1,no,0,acc_001014_4985
C101015,64,13,102.61,two-year,card,fiber,1,no,0,acc_001015_7730
C101016,73,68,113.36,two-year,card,fiber,0,no,0,acc_001016_1637
C101017,42,47,20.01,month-to-month,mailed_check,dsl,2,no,0,acc_001017_7651
C101018,36,6,112.97,one-year,e_check,dsl,1,yes,1,acc_001018_9657
C101019,74,51,25.6,month-to-month,card,none,0,no,0,acc_001019_1796
C101020,40,38,105.3,one-year,e_check,fiber,0,yes,1,acc_001020_9205
C101021,29,38,69.46,one-year,bank_transfer,fiber,3,no,0,acc_001021_9879
C101022,66,15,78.59,month-to-month,,none,0,yes,1,acc_001022_4932
C101023,19,36,46.12,month-to-month,mailed_check,fiber,1,yes,1,acc_001023_5247
C101024,34,37,93.2,month-to-month,card,fiber,2,no,0,acc_001024_5769
C101025,76,49,,month-to-month,card,dsl,1,no,0,acc_001025_4473
C101026,49,71,55.95,month-to-month,e_check,fiber,3,yes,1,acc_001026_5282
C101027,25,2,54.37,month-to-month,mailed_check,dsl,1,yes,1,acc_001027_4403
C101028,39,38,91.26,month-to-month,e_check,dsl,0,yes,1,acc_001028_7511
C101029,18,69,95.65,month-to-month,e_check,dsl,2,no,0,acc_001029_6757
C101030,60,47,89.05,two-year,card,fiber,1,no,0,acc_001030_1871
C101031,68,44,60.29,month-to-month,card,none,3,yes,1,acc_001031_8442
C101032,43,71,69.9,month-to-month,mailed_check,fiber,1,yes,1,acc_001032_8251
C101033,47,34,93.31,one-year,e_check,none,5,yes,1,acc_001033_1325
C101034,22,44,90.79,month-to-month,e_check,none,0,no,0,acc_001034_4169
C101035,75,20,98.07,one-year,e_check,fiber,3,no,0,acc_001035_7657
C101036,30,36,73.4,month-to-month,e_check,dsl,1,no,0,acc_001036_3095
C101037,47,20,52.23,two-year,mailed_check,dsl,2,yes,1,acc_001037_6353
C101038,63,14,77.08,month-to-month,mailed_check,dsl,2,yes,1,acc_001038_1987
C101039,57,44,81.17,two-year,mailed_check,none,3,no,0,acc_001039_4330
C101040,46,40,56.53,month-to-month,mailed_check,dsl,1,no,0,acc_001040_6021
C101041,45,14,81.07,two-year,card,none,1,yes,1,acc_001041_3840
C101042,72,21,48.88,month-to-month,bank_transfer,dsl,1,no,0,acc_001042_2107
C101043,50,50,76.28,month-to-month,mailed_check,none,1,no,0,acc_001043_1375
C101044,51,63,54.71,two-year,mailed_check,dsl,1,no,0,acc_001044_9952
C101045,33,7,122.8,month-to-month,card,fiber,1,yes,1,acc_001045_9183
C101046,30,25,99.65,two-year,mailed_check,none,2,yes,1,acc_001046_3909
C101047,23,28,76.41,month-to-month,mailed_check,fiber,0,yes,1,acc_001047_5189
C101048,40,42,36.98,month-to-month,bank_transfer,dsl,3,no,0,acc_001048_2678
C101049,48,21,39.11,month-to-month,bank_transfer,fiber,0,yes,1,acc_001049_7794
C101050,43,1,87.31,month-to-month,card,none,5,yes,1,acc_001050_1706
C101051,47,1,66.07,two-year,mailed_check,dsl,1,no,0,acc_001051_1595
C101052,75,45,77.55,month-to-month,e_check,fiber,1,no,0,acc_001052_7363
C101053,57,50,30.42,month-to-month,bank_transfer,fiber,2,no,0,acc_001053_6476
C101054,37,20,32.2,one-year,e_check,none,2,no,0,acc_001054_2180
C101055,24,64,72.72,month-to-month,card,dsl,2,no,0,acc_001055_2990
C101056,78,14,64.63,month-to-month,e_check,fiber,4,no,0,acc_001056_7261
C101057,35,28,36.5,one-year,,fiber,2,no,0,acc_001057_8350
C101058,78,61,49.83,month-to-month,bank_transfer,fiber,1,no,0,acc_001058_3094
C101059,24,18,89.46,month-to-month,bank_transfer,fiber,2,yes,1,acc_001059_7791
C101060,52,33,58.96,one-year,bank_transfer,fiber,1,no,0,acc_001060_6340
C101061,18,47,84.22,two-year,e_check,dsl,1,no,0,acc_001061_8529
C101062,36,67,111.16,one-year,e_check,fiber,0,no,0,acc_001062_5049
C101063,34,9,78.28,two-year,mailed_check,fiber,1,no,0,acc_001063_2903
C101064,24,63,73.06,month-to-month,bank_transfer,none,4,no,0,acc_001064_4898
C101065,25,61,54.95,month-to-month,bank_transfer,dsl,2,yes,1,acc_001065_7311
C101066,40,24,100.29,month-to-month,bank_transfer,dsl,2,yes,1,acc_001066_7576
C101067,30,36,33.71,one-year,e_check,fiber,0,no,0,acc_001067_2860
C101068,18,66,,two-year,bank_transfer,none,3,no,0,acc_001068_4259
C101069,52,49,69.39,month-to-month,bank_transfer,fiber,1,yes,1,acc_001069_9275
C101070,56,18,32.99,two-year,card,fiber,3,no,0,acc_001070_7471
C101071,51,22,94.36,one-year,mailed_check,dsl,1,yes,1,acc_001071_4136
C101072,55,70,54.21,month-to-month,e_check,dsl,0,no,0,acc_001072_3161
C101073,35,38,83.07,two-year,mailed_check,fiber,1,no,0,acc_001073_2987
C101074,31,7,,month-to-month,,none,2,no,0,acc_001074_5035
C101075,19,41,63.53,month-to-month,card,dsl,3,no,0,acc_001075_5967
C101076,64,64,70.18,one-year,e_check,fiber,2,no,0,acc_001076_6235
C101077,75,45,20.74,month-to-month,mailed_check,fiber,1,no,0,acc_001077_7057
C101078,63,47,42.61,month-to-month,e_check,none,2,yes,1,acc_001078_1202
C101079,79,57,58.0,two-year,mailed_check,fiber,2,no,0,acc_001079_8029
C101080,74,8,125.36,month-to-month,mailed_check,fiber,3,yes,1,acc_001080_7348
C101081,39,31,90.18,one-year,bank_transfer,fiber,3,yes,1,acc_001081_8064
C101082,23,71,87.92,month-to-month,card,fiber,4,no,0,acc_001082_5337
C101083,55,31,43.87,month-to-month,card,fiber,0,no,0,acc_001083_6374
C101084,47,70,92.15,one-year,bank_transfer,none,1,no,0,acc_001084_4956
C101085,26,31,100.96,month-to-month,e_check,none,2,yes,1,acc_001085_3552
C101086,46,23,88.64,two-year,mailed_check,dsl,1,no,0,acc_001086_4365
C101087,58,3,135.45,two-year,e_check,dsl,1,no,0,acc_001087_6868
C101088,43,61,36.12,month-to-month,e_check,dsl,0,no,0,acc_001088_3779
C101089,30,27,42.91,month-to-month,bank_transfer,dsl,1,yes,1,acc_001089_3774
C101090,61,26,63.23,month-to-month,bank_transfer,dsl,1,no,0,acc_001090_1379
C101091,50,66,45.42,month-to-month,card,fiber,0,no,0,acc_001091_4667
C101092,18,57,71.11,month-to-month,bank_transfer,dsl,4,yes,1,acc_001092_9132
C101093,76,49,82.83,one-year,e_check,none,2,no,0,acc_001093_2206
C101094,76,67,69.48,month-to-month,mailed_check,dsl,2,no,0,acc_001094_2250
C101095,65,27,72.33,one-year,card,dsl,1,yes,1,acc_001095_8775
C101096,61,8,79.94,month-to-month,e_check,dsl,1,yes,1,acc_001096_3004
C101097,35,59,89.17,two-year,bank_transfer,fiber,1,no,0,acc_001097_9285
C101098,63,2,53.29,month-to-month,e_check,none,2,yes,1,acc_001098_6369
C101099,71,20,53.06,month-to-month,e_check,fiber,0,yes,1,acc_001099_6242
C101100,57,53,99.61,one-year,mailed_check,none,2,no,0,acc_001100_3255
C101101,36,30,61.3,month-to-month,,dsl,1,no,0,acc_001101_3377
C101102,54,68,48.96,one-year,mailed_check,dsl,1,no,0,acc_001102_1142
C101103,60,21,76.87,month-to-month,e_check,dsl,2,yes,1,acc_001103_8224
C101104,24,22,60.97,month-to-month,card,fiber,1,yes,1,acc_001104_6490
C101105,33,29,72.75,two-year,card,dsl,1,no,0,acc_001105_9619
C101106,72,21,68.17,two-year,e_check,dsl,0,no,0,acc_001106_2019
C101107,72,10,85.56,month-to-month,,fiber,0,yes,1,acc_001107_6342
C101108,53,38,92.63,month-to-month,e_check,none,0,no,0,acc_001108_4588
C101109,26,41,49.02,one-year,bank_transfer,fiber,1,no,0,acc_001109_7523
C101110,59,41,39.37,month-to-month,mailed_check,dsl,3,yes,1,acc_001110_8997
C101111,31,11,109.66,month-to-month,e_check,dsl,1,no,0,acc_001111_8989
C101112,55,4,52.61,month-to-month,e_check,dsl,1,no,0,acc_001112_9628
C101113,57,33,30.95,month-to-month,bank_transfer,dsl,4,yes,1,acc_001113_2499
C101114,71,70,22.31,month-to-month,bank_transfer,fiber,0,no,0,acc_001114_7868
C101115,20,55,68.82,two-year,e_check,fiber,2,no,0,acc_001115_8203
C101116,40,49,53.62,two-year,bank_transfer,none,1,no,0,acc_001116_6317
C101117,64,64,23.93,month-to-month,card,fiber,1,no,0,acc_001117_2143
C101118,25,10,46.02,one-year,mailed_check,dsl,3,yes,1,acc_001118_6208
C101119,38,47,43.22,two-year,e_check,dsl,0,no,0,acc_001119_6586
C101120,43,14,94.6,month-to-month,bank_transfer,fiber,2,yes,1,acc_001120_5564
C101121,70,28,75.56,month-to-month,,fiber,0,yes,1,acc_001121_9590
C101122,26,5,69.38,month-to-month,card,dsl,1,yes,1,acc_001122_3223
C101123,35,15,37.9,month-to-month,e_check,none,1,no,0,acc_001123_4929
C101124,77,17,65.14,month-to-month,card,dsl,0,no,0,acc_001124_8203
C101125,57,20,86.21,month-to-month,mailed_check,dsl,2,yes,1,acc_001125_7583
C101126,18,69,73.62,month-to-month,e_check,dsl,1,no,0,acc_001126_5604
C101127,50,20,96.04,month-to-month,e_check,fiber,3,yes,1,acc_001127_3185
C101128,67,61,71.58,month-to-month,mailed_check,dsl,2,yes,1,acc_001128_5308
C101129,68,48,86.94,month-to-month,bank_transfer,fiber,2,yes,1,acc_001129_2446
C101130,27,40,81.05,month-to-month,e_check,none,4,yes,1,acc_001130_1981
C101131,35,55,55.45,month-to-month,mailed_check,fiber,1,no,0,acc_001131_3036
C101132,65,45,103.05,two-year,mailed_check,none,2,no,0,acc_001132_1089
C101133,20,11,78.67,month-to-month,e_check,dsl,3,yes,1,acc_001133_1340
C101134,30,4,90.23,month-to-month,card,fiber,1,yes,1,acc_001134_3575
C101135,74,33,43.01,month-to-month,mailed_check,none,1,no,0,acc_001135_3570
C101136,39,56,,two-year,bank_transfer,dsl,0,no,0,acc_001136_2854
C101137,35,54,65.12,one-year,e_check,none,0,no,0,acc_001137_8362
C101138,31,26,49.48,month-to-month,bank_transfer,none,2,yes,1,acc_001138_3231
C101139,70,50,85.1,one-year,mailed_check,none,1,no,0,acc_001139_1784
C101140,68,9,79.84,one-year,mailed_check,fiber,2,no,0,acc_001140_4554
C101141,39,8,100.26,month-to-month,mailed_check,dsl,2,yes,1,acc_001141_7232
C101142,52,54,84.33,month-to-month,bank_transfer,dsl,2,no,0,acc_001142_2578
C101143,38,41,41.37,month-to-month,bank_transfer,fiber,2,no,0,acc_001143_6246
C101144,70,23,93.31,one-year,bank_transfer,dsl,3,yes,1,acc_001144_5032
C101145,35,67,53.36,month-to-month,mailed_check,fiber,1,no,0,acc_001145_2727
C101146,55,32,51.27,month-to-month,card,fiber,2,no,0,acc_001146_3890
C101147,66,61,71.16,one-year,mailed_check,dsl,5,no,0,acc_001147_4463
C101148,33,13,69.39,two-year,mailed_check,fiber,0,no,0,acc_001148_5674
C101149,27,17,95.53,two-year,bank_transfer,none,2,no,0,acc_001149_8984
C101150,69,56,140.26,month-to-month,bank_transfer,fiber,0,yes,1,acc_001150_6367
C101151,60,60,80.19,two-year,card,fiber,4,no,0,acc_001151_4644
C101152,27,31,105.96,month-to-month,e_check,none,1,yes,1,acc_001152_3282
C101153,47,70,64.33,month-to-month,e_check,fiber,1,no,0,acc_001153_7356
C101154,45,26,78.03,month-to-month,e_check,fiber,4,yes,1,acc_001154_4650
C101155,51,67,56.68,one-year,,fiber,0,no,0,acc_001155_8156
C101156,38,24,59.04,month-to-month,e_check,dsl,1,no,0,acc_001156_5868
C101157,70,62,103.17,two-year,card,dsl,0,no,0,acc_001157_8472
C101158,21,13,80.93,month-to-month,e_check,fiber,1,yes,1,acc_001158_4002
C101159,18,9,80.75,month-to-month,e_check,none,0,yes,1,acc_001159_5693
C101160,52,34,49.6,month-to-month,card,none,2,no,0,acc_001160_1081
C101161,60,31,112.3,month-to-month,bank_transfer,fiber,4,yes,1,acc_001161_4714
C101162,46,70,65.17,one-year,e_check,fiber,1,no,0,acc_001162_9353
C101163,54,47,53.36,month-to-month,mailed_check,fiber,2,yes,1,acc_001163_3360
C101164,45,59,69.13,month-to-month,card,fiber,2,no,0,acc_001164_6678
C101165,33,62,86.44,month-to-month,card,fiber,0,no,0,acc_001165_4560
C101166,61,71,88.32,one-year,mailed_check,dsl,3,no,0,acc_001166_2369
C101167,18,59,106.33,month-to-month,e_check,fiber,2,yes,1,acc_001167_2194
C101168,37,40,43.14,one-year,bank_transfer,fiber,1,no,0,acc_001168_5218
C101169,73,30,58.88,month-to-month,bank_transfer,none,1,yes,1,acc_001169_5046
C101170,50,39,,month-to-month,card,none,3,no,0,acc_001170_8422
C101171,54,26,126.38,two-year,e_check,dsl,1,yes,1,acc_001171_9101
C101172,50,20,53.95,one-year,card,dsl,5,yes,1,acc_001172_3689
C101173,79,50,67.24,month-to-month,card,dsl,3,no,0,acc_001173_7482
C101174,44,41,31.07,month-to-month,bank_transfer,dsl,4,yes,1,acc_001174_8375
C101175,54,20,49.09,one-year,mailed_check,dsl,1,no,0,acc_001175_9475
C101176,56,36,47.59,two-year,mailed_check,none,2,no,0,acc_001176_3415
C101177,42,30,67.08,month-to-month,mailed_check,fiber,1,no,0,acc_001177_5822
C101178,74,57,39.93,one-year,bank_transfer,dsl,2,no,0,acc_001178_5235
C101179,57,61,92.88,one-year,bank_transfer,fiber,1,no,0,acc_001179_1310
C101180,22,55,68.23,two-year,card,fiber,1,no,0,acc_001180_7810
C101181,77,20,63.34,month-to-month,bank_transfer,fiber,3,yes,1,acc_001181_4475
C101182,24,47,92.66,month-to-month,mailed_check,fiber,1,yes,1,acc_001182_1320
C101183,30,61,63.01,month-to-month,mailed_check,dsl,3,no,0,acc_001183_9166
C101184,66,35,38.72,two-year,bank_transfer,dsl,1,no,0,acc_001184_8120
C101185,78,5,70.36,month-to-month,e_check,none,3,yes,1,acc_001185_7423
C101186,34,32,123.83,one-year,card,fiber,2,yes,1,acc_001186_4333
C101187,39,7,72.17,one-year,bank_transfer,fiber,4,yes,1,acc_001187_3077
C101188,41,49,82.74,two-year,e_check,none,1,no,0,acc_001188_9833
C101189,47,26,64.77,month-to-month,card,fiber,1,yes,1,acc_001189_9823
C101190,20,42,64.21,month-to-month,e_check,dsl,0,no,0,acc_001190_6833
C101191,51,49,82.27,two-year,bank_transfer,fiber,2,no,0,acc_001191_6136
C101192,62,58,18.0,one-year,bank_transfer,dsl,0,no,0,acc_001192_5458
C101193,26,16,38.75,two-year,e_check,dsl,1,no,0,acc_001193_4223
C101194,68,64,54.84,one-year,mailed_check,dsl,0,no,0,acc_001194_9952
C101195,33,69,62.97,one-year,mailed_check,fiber,0,no,0,acc_001195_3145
C101196,32,19,105.93,month-to-month,mailed_check,dsl,2,yes,1,acc_001196_9088
C101197,38,43,130.87,month-to-month,card,fiber,1,yes,1,acc_001197_1903
C101198,50,8,85.41,two-year,e_check,dsl,2,yes,1,acc_001198_5895
C101199,36,6,79.62,month-to-month,e_check,none,2,no,0,acc_001199_8253
C101200,56,45,86.7,month-to-month,bank_transfer,fiber,2,yes,1,acc_001200_8212
C101201,19,17,107.26,one-year,bank_transfer,dsl,0,no,0,acc_001201_4724
C101202,34,12,45.15,two-year,card,dsl,1,no,0,acc_001202_8981
C101203,64,62,57.41,one-year,mailed_check,dsl,2,no,0,acc_001203_5822
C101204,18,48,73.56,month-to-month,card,none,2,no,0,acc_001204_6074
C101205,72,8,77.11,month-to-month,card,dsl,3,yes,1,acc_001205_3741
C101206,24,53,22.33,month-to-month,card,fiber,1,no,0,acc_001206_2140
C101207,35,2,80.4,month-to-month,card,dsl,3,yes,1,acc_001207_1319
C101208,22,23,30.05,one-year,,fiber,2,no,0,acc_001208_2366
C101209,18,18,88.77,one-year,e_check,dsl,0,no,0,acc_001209_8101
C101210,74,64,90.78,month-to-month,,dsl,1,yes,1,acc_001210_1513
C101211,55,2,18.0,month-to-month,card,dsl,3,yes,1,acc_001211_5272
C101212,39,42,82.21,month-to-month,,dsl,2,no,0,acc_001212_1969
C101213,47,15,,month-to-month,mailed_check,dsl,0,no,0,acc_001213_6441
C101214,75,1,54.26,one-year,card,none,2,no,0,acc_001214_5891
C101215,25,35,93.39,two-year,mailed_check,fiber,0,yes,1,acc_001215_9535
C101216,24,27,119.6,one-year,card,none,0,no,0,acc_001216_3642
C101217,73,59,82.04,two-year,e_check,dsl,4,no,0,acc_001217_3835
C101218,36,66,42.4,two-year,card,fiber,2,no,0,acc_001218_9888
C101219,55,33,33.71,two-year,mailed_check,none,0,no,0,acc_001219_2993
C101220,55,12,,one-year,bank_transfer,fiber,0,no,0,acc_001220_8821
C101221,67,40,44.28,month-to-month,e_check,fiber,2,yes,1,acc_001221_2128
C101222,66,15,97.64,one-year,bank_transfer,fiber,2,no,0,acc_001222_6019
C101223,24,9,76.81,two-year,mailed_check,dsl,0,no,0,acc_001223_9261
C101224,77,58,68.96,month-to-month,card,none,4,no,0,acc_001224_2186
C101225,44,25,91.39,month-to-month,mailed_check,none,3,no,0,acc_001225_2058
C101226,55,10,70.09,month-to-month,bank_transfer,fiber,0,yes,1,acc_001226_4600
C101227,57,47,70.5,two-year,card,fiber,2,yes,1,acc_001227_9157
C101228,32,58,48.66,one-year,mailed_check,dsl,2,no,0,acc_001228_4667
C101229,43,35,54.1,month-to-month,card,dsl,2,no,0,acc_001229_9159
C101230,67,26,70.39,month-to-month,bank_transfer,dsl,2,no,0,acc_001230_1964
C101231,69,67,40.49,month-to-month,card,dsl,3,no,0,acc_001231_4016
C101232,25,37,111.01,month-to-month,mailed_check,dsl,3,yes,1,acc_001232_7202
C101233,76,30,72.7,month-to-month,e_check,fiber,2,yes,1,acc_001233_7234
C101234,55,22,,two-year,card,fiber,2,no,0,acc_001234_6315
C101235,66,66,93.93,month-to-month,mailed_check,dsl,2,yes,1,acc_001235_7224
C101236,62,8,43.24,one-year,bank_transfer,fiber,1,no,0,acc_001236_5931
C101237,40,15,95.99,one-year,mailed_check,none,1,no,0,acc_001237_1761
C101238,39,49,71.73,one-year,card,dsl,0,no,0,acc_001238_5333
C101239,42,49,116.52,month-to-month,card,none,3,yes,1,acc_001239_8641
C101240,30,59,55.92,month-to-month,mailed_check,dsl,0,yes,1,acc_001240_4128
C101241,51,55,59.72,two-year,,fiber,0,no,0,acc_001241_2725
C101242,67,55,48.58,month-to-month,card,fiber,1,no,0,acc_001242_3224
C101243,26,69,38.52,month-to-month,mailed_check,dsl,1,yes,1,acc_001243_1016
C101244,41,63,75.86,one-year,card,none,2,no,0,acc_001244_2987
C101245,56,13,43.22,month-to-month,card,dsl,1,yes,1,acc_001245_8073
C101246,46,68,77.55,month-to-month,e_check,dsl,0,no,0,acc_001246_9455
C101247,64,44,53.66,two-year,card,fiber,1,yes,1,acc_001247_1647
C101248,62,32,95.86,month-to-month,mailed_check,none,4,yes,1,acc_001248_6247
C101249,23,67,,month-to-month,card,none,4,no,0,acc_001249_7147
C101250,78,14,79.96,month-to-month,e_check,dsl,1,yes,1,acc_001250_4392
C101251,65,36,70.76,month-to-month,mailed_check,fiber,3,no,0,acc_001251_8324
C101252,22,37,69.6,two-year,card,dsl,3,yes,1,acc_001252_5595
C101253,57,70,53.79,month-to-month,mailed_check,fiber,1,yes,1,acc_001253_5646
C101254,41,3,113.11,one-year,bank_transfer,dsl,0,yes,1,acc_001254_2905
C101255,62,65,59.34,month-to-month,card,fiber,2,no,0,acc_001255_1214
C101256,54,48,80.17,one-year,,fiber,2,no,0,acc_001256_7866
C101257,27,22,63.0,month-to-month,mailed_check,none,2,no,0,acc_001257_4246
C101258,70,15,60.58,month-to-month,bank_transfer,dsl,1,yes,1,acc_001258_8459
C101259,62,35,71.74,month-to-month,bank_transfer,none,1,no,0,acc_001259_8638
C101260,76,70,86.37,two-year,e_check,none,1,yes,1,acc_001260_3064
C101261,31,24,41.73,month-to-month,e_check,none,0,no,0,acc_001261_7304
C101262,24,52,,month-to-month,e_check,none,0,no,0,acc_001262_2287
C101263,44,58,34.43,month-to-month,e_check,none,2,no,0,acc_001263_8273
C101264,57,64,79.46,month-to-month,bank_transfer,fiber,0,no,0,acc_001264_3300
C101265,72,4,48.26,two-year,bank_transfer,fiber,3,yes,1,acc_001265_4070
C101266,24,43,50.95,month-to-month,mailed_check,fiber,1,no,0,acc_001266_1344
C101267,61,49,85.74,month-to-month,mailed_check,fiber,3,yes,1,acc_001267_9807
C101268,19,70,69.21,two-year,bank_transfer,fiber,1,no,0,acc_001268_4344
C101269,42,1,79.59,one-year,bank_transfer,fiber,1,no,0,acc_001269_4501
C101270,69,17,66.0,month-to-month,mailed_check,fiber,2,yes,1,acc_001270_1193
C101271,74,4,79.7,month-to-month,mailed_check,dsl,1,yes,1,acc_001271_5467
C101272,53,66,71.66,month-to-month,mailed_check,fiber,3,no,0,acc_001272_7717
C101273,25,56,41.7,two-year,bank_transfer,none,0,no,0,acc_001273_5999
C101274,48,19,74.78,two-year,e_check,fiber,0,no,0,acc_001274_8069
C101275,26,16,60.92,month-to-month,bank_transfer,fiber,4,yes,1,acc_001275_7295
C101276,57,2,63.52,month-to-month,bank_transfer,dsl,4,yes,1,acc_001276_9610
C101277,68,41,76.46,month-to-month,card,fiber,2,no,0,acc_001277_7794
C101278,43,44,55.77,one-year,mailed_check,none,0,no,0,acc_001278_5128
C101279,40,65,43.08,two-year,bank_transfer,fiber,2,no,0,acc_001279_3878
C101280,76,64,98.97,two-year,e_check,none,0,no,0,acc_001280_4257
C101281,65,13,115.35,two-year,e_check,none,1,yes,1,acc_001281_2654
C101282,32,1,60.9,one-year,bank_transfer,fiber,2,yes,1,acc_001282_6790
C101283,20,28,98.09,one-year,bank_transfer,dsl,0,yes,1,acc_001283_8621
C101284,73,25,79.09,two-year,mailed_check,none,1,no,0,acc_001284_8413
C101285,22,56,53.48,one-year,mailed_check,none,2,no,0,acc_001285_3318
C101286,58,3,48.66,month-to-month,mailed_check,fiber,2,yes,1,acc_001286_2885
C101287,47,44,62.49,two-year,mailed_check,dsl,1,no,0,acc_001287_3319
C101288,51,27,58.78,one-year,bank_transfer,fiber,3,yes,1,acc_001288_6835
C101289,43,45,61.2,month-to-month,card,fiber,2,no,0,acc_001289_1311
C101290,50,53,66.39,month-to-month,mailed_check,dsl,3,no,0,acc_001290_2499
C101291,59,14,41.3,one-year,e_check,fiber,3,no,0,acc_001291_1238
C101292,45,15,91.03,month-to-month,mailed_check,fiber,2,yes,1,acc_001292_9238
C101293,51,38,41.32,one-year,card,fiber,0,no,0,acc_001293_2112
C101294,74,8,42.84,one-year,e_check,fiber,2,no,0,acc_001294_9781
C101295,74,60,92.52,month-to-month,mailed_check,dsl,2,yes,1,acc_001295_3943
C101296,36,12,88.44,two-year,e_check,fiber,2,no,0,acc_001296_9620
C101297,18,38,105.76,one-year,card,dsl,2,no,0,acc_001297_2325
C101298,67,46,72.88,two-year,bank_transfer,fiber,1,no,0,acc_001298_4876
C101299,44,46,53.44,two-year,bank_transfer,fiber,1,no,0,acc_001299_8352
C101300,48,5,98.05,month-to-month,mailed_check,dsl,1,yes,1,acc_001300_9569
C101301,58,50,67.11,month-to-month,bank_transfer,fiber,0,yes,1,acc_001301_4847
C101302,49,14,66.39,two-year,card,dsl,0,no,0,acc_001302_8151
C101303,21,26,48.35,month-to-month,bank_transfer,fiber,1,no,0,acc_001303_9984
C101304,59,70,79.54,month-to-month,mailed_check,none,2,no,0,acc_001304_9669
C101305,73,37,18.0,month-to-month,mailed_check,fiber,1,yes,1,acc_001305_1533
C101306,57,31,82.61,month-to-month,e_check,fiber,2,yes,1,acc_001306_2220
C101307,62,26,,month-to-month,bank_transfer,dsl,4,yes,1,acc_001307_6033
C101308,76,68,91.26,month-to-month,card,dsl,0,yes,1,acc_001308_3852
C101309,44,20,30.66,one-year,card,dsl,3,yes,1,acc_001309_9986
C101310,31,42,86.46,two-year,,none,2,no,0,acc_001310_2342
C101311,56,6,131.17,month-to-month,mailed_check,none,1,yes,1,acc_001311_8839
C101312,51,5,62.55,month-to-month,e_check,none,3,no,0,acc_001312_6527
C101313,34,63,40.38,two-year,bank_transfer,fiber,2,no,0,acc_001313_4600
C101314,50,16,117.99,one-year,mailed_check,fiber,1,yes,1,acc_001314_6032
C101315,47,25,58.48,two-year,e_check,fiber,0,no,0,acc_001315_8965
C101316,46,14,41.7,two-year,e_check,none,3,no,0,acc_001316_3254
C101317,28,51,100.82,month-to-month,,fiber,1,yes,1,acc_001317_9957
C101318,55,15,18.0,one-year,bank_transfer,fiber,4,no,0,acc_001318_9912
C101319,21,15,32.46,month-to-month,card,fiber,1,yes,1,acc_001319_2341
C101320,49,21,36.64,month-to-month,card,fiber,0,no,0,acc_001320_6235
C101321,30,43,52.14,one-year,e_check,dsl,0,yes,1,acc_001321_5437
C101322,48,40,18.93,month-to-month,bank_transfer,fiber,2,no,0,acc_001322_6168
C101323,65,53,,month-to-month,card,fiber,1,yes,1,acc_001323_1274
C101324,19,36,95.04,two-year,bank_transfer,fiber,3,no,0,acc_001324_7583
C101325,38,50,68.09,month-to-month,e_check,fiber,2,yes,1,acc_001325_2571
C101326,45,33,59.14,one-year,bank_transfer,dsl,1,no,0,acc_001326_7491
C101327,60,34,30.42,one-year,e_check,none,3,no,0,acc_001327_4685
C101328,60,6,81.17,month-to-month,bank_transfer,fiber,3,yes,1,acc_001328_6379
C101329,73,71,,two-year,e_check,fiber,0,no,0,acc_001329_1212
C101330,69,10,84.86,month-to-month,card,fiber,1,yes,1,acc_001330_6232
C101331,27,11,94.96,month-to-month,e_check,none,1,no,0,acc_001331_7378
C101332,73,30,70.64,one-year,bank_transfer,fiber,1,yes,1,acc_001332_7634
C101333,62,53,18.0,month-to-month,mailed_check,none,2,yes,1,acc_001333_8266
C101334,78,70,46.08,month-to-month,mailed_check,fiber,1,yes,1,acc_001334_4265
C101335,45,9,103.6,month-to-month,mailed_check,none,4,yes,1,acc_001335_5817
C101336,55,20,76.37,one-year,bank_transfer,none,1,no,0,acc_001336_2179
C101337,57,36,105.01,month-to-month,,fiber,0,no,0,acc_001337_2142
C101338,39,23,18.0,two-year,e_check,none,1,no,0,acc_001338_6994
C101339,74,1,66.69,month-to-month,e_check,dsl,1,yes,1,acc_001339_7630
C101340,34,3,65.11,two-year,e_check,dsl,2,no,0,acc_001340_7692
C101341,66,5,28.89,two-year,e_check,fiber,2,yes,1,acc_001341_8832
C101342,63,27,53.4,one-year,,fiber,2,no,0,acc_001342_6586
C101343,69,64,93.96,one-year,bank_transfer,fiber,1,yes,1,acc_001343_6455
C101344,29,3,83.06,one-year,card,none,0,no,0,acc_001344_7886
C101345,28,53,56.14,month-to-month,mailed_check,fiber,5,yes,1,acc_001345_1471
C101346,22,16,77.69,month-to-month,mailed_check,fiber,1,yes,1,acc_001346_5338
C101347,68,3,99.33,one-year,mailed_check,dsl,2,yes,1,acc_001347_1910
C101348,32,34,42.55,month-to-month,e_check,none,1,no,0,acc_001348_6592
C101349,78,6,76.86,month-to-month,bank_transfer,fiber,3,yes,1,acc_001349_7642
C101350,52,64,95.63,month-to-month,e_check,dsl,0,no,0,acc_001350_6677
C101351,76,8,52.32,two-year,mailed_check,dsl,1,yes,1,acc_001351_7831
C101352,35,29,102.1,month-to-month,mailed_check,fiber,1,no,0,acc_001352_5045
C101353,67,60,67.3,month-to-month,bank_transfer,fiber,1,no,0,acc_001353_3731
C101354,18,36,97.3,month-to-month,mailed_check,none,4,yes,1,acc_001354_6061
C101355,69,34,92.65,month-to-month,e_check,dsl,3,no,0,acc_001355_5485
C101356,18,54,76.18,month-to-month,mailed_check,dsl,2,no,0,acc_001356_7744
C101357,52,60,62.28,one-year,card,dsl,2,no,0,acc_001357_6550
C101358,47,54,53.18,month-to-month,e_check,fiber,3,yes,1,acc_001358_9257
C101359,76,43,73.83,month-to-month,,fiber,3,yes,1,acc_001359_9795
C101360,63,53,74.86,two-year,mailed_check,dsl,1,yes,1,acc_001360_8312
C101361,64,55,104.7,month-to-month,card,fiber,0,yes,1,acc_001361_8627
C101362,62,67,67.44,one-year,bank_transfer,dsl,0,no,0,acc_001362_6398
C101363,23,10,78.43,two-year,mailed_check,dsl,4,yes,1,acc_001363_8608
C101364,23,30,111.75,month-to-month,card,none,2,yes,1,acc_001364_9915
C101365,40,52,77.7,month-to-month,card,dsl,2,no,0,acc_001365_7773
C101366,56,32,81.05,two-year,mailed_check,none,0,no,0,acc_001366_4393
C101367,25,22,,one-year,e_check,none,1,no,0,acc_001367_7081
C101368,67,53,71.91,one-year,e_check,dsl,0,no,0,acc_001368_9264
C101369,75,46,79.61,one-year,card,dsl,1,no,0,acc_001369_5452
C101370,43,24,88.52,month-to-month,mailed_check,fiber,2,no,0,acc_001370_9441
C101371,18,11,66.7,month-to-month,bank_transfer,dsl,0,no,0,acc_001371_9857
C101372,65,52,41.79,month-to-month,mailed_check,none,0,no,0,acc_001372_1808
C101373,49,24,33.06,two-year,bank_transfer,fiber,2,no,0,acc_001373_2137
C101374,29,51,64.57,month-to-month,bank_transfer,none,2,no,0,acc_001374_4282
C101375,61,57,97.75,one-year,mailed_check,none,0,no,0,acc_001375_7273
C101376,34,26,94.53,month-to-month,bank_transfer,fiber,2,yes,1,acc_001376_2979
C101377,43,6,110.37,two-year,mailed_check,fiber,1,yes,1,acc_001377_6598
C101378,40,32,92.28,one-year,mailed_check,none,2,no,0,acc_001378_5940
C101379,74,11,53.42,two-year,e_check,dsl,1,no,0,acc_001379_1249
C101380,75,23,33.25,two-year,bank_transfer,dsl,2,no,0,acc_001380_9871
C101381,39,21,56.72,one-year,e_check,fiber,1,no,0,acc_001381_8881
C101382,53,52,63.0,two-year,bank_transfer,dsl,0,no,0,acc_001382_5701
C101383,41,15,51.06,two-year,mailed_check,fiber,2,no,0,acc_001383_6054
C101384,72,62,92.68,month-to-month,bank_transfer,none,1,no,0,acc_001384_7221
C101385,32,59,49.82,month-to-month,e_check,fiber,3,no,0,acc_001385_8630
C101386,78,27,84.13,one-year,bank_transfer,dsl,0,no,0,acc_001386_2699
C101387,71,63,89.16,one-year,bank_transfer,fiber,1,no,0,acc_001387_7825
C101388,47,10,26.12,month-to-month,e_check,fiber,3,yes,1,acc_001388_6917
C101389,56,59,59.04,one-year,card,dsl,1,no,0,acc_001389_2103
C101390,58,56,101.01,one-year,bank_transfer,fiber,1,yes,1,acc_001390_5543
C101391,63,32,90.7,month-to-month,mailed_check,dsl,2,yes,1,acc_001391_4629
C101392,72,23,72.66,month-to-month,e_check,dsl,2,yes,1,acc_001392_7662
C101393,55,45,41.93,two-year,bank_transfer,dsl,1,no,0,acc_001393_9225
C101394,22,17,52.05,month-to-month,bank_transfer,fiber,2,no,0,acc_001394_5344
C101395,44,41,71.79,month-to-month,card,fiber,2,no,0,acc_001395_9597
C101396,46,63,101.13,one-year,bank_transfer,dsl,2,no,0,acc_001396_7568
C101397,18,46,81.92,two-year,card,fiber,1,no,0,acc_001397_5506
C101398,20,19,67.43,month-to-month,e_check,fiber,2,no,0,acc_001398_4304
C101399,65,44,75.44,one-year,bank_transfer,fiber,2,no,0,acc_001399_2785
C101400,31,49,89.05,month-to-month,bank_transfer,fiber,1,yes,1,acc_001400_9881
C101401,77,66,25.79,one-year,e_check,fiber,0,no,0,acc_001401_5963
C101402,71,47,44.86,two-year,e_check,fiber,0,no,0,acc_001402_6781
C101403,30,47,70.37,one-year,mailed_check,fiber,1,no,0,acc_001403_6784
C101404,62,46,99.81,month-to-month,mailed_check,fiber,5,no,0,acc_001404_3988
C101405,58,3,96.56,month-to-month,bank_transfer,dsl,5,yes,1,acc_001405_8785
C101406,39,43,50.1,one-year,bank_transfer,fiber,2,no,0,acc_001406_2616
C101407,57,54,70.19,month-to-month,mailed_check,fiber,3,no,0,acc_001407_7581
C101408,42,8,51.07,two-year,e_check,dsl,2,no,0,acc_001408_2027
C101409,20,40,59.82,one-year,card,fiber,1,no,0,acc_001409_1444
C101410,47,5,73.17,month-to-month,mailed_check,none,0,yes,1,acc_001410_6355
C101411,52,56,60.52,one-year,bank_transfer,fiber,0,no,0,acc_001411_4613
C101412,72,54,55.62,month-to-month,bank_transfer,none,3,no,0,acc_001412_2532
C101413,59,24,40.46,month-to-month,card,dsl,0,no,0,acc_001413_8992
C101414,64,50,29.96,month-to-month,bank_transfer,fiber,1,no,0,acc_001414_9743
C101415,68,15,64.74,month-to-month,bank_transfer,fiber,2,yes,1,acc_001415_2308
C101416,25,60,74.33,month-to-month,mailed_check,fiber,1,yes,1,acc_001416_9698
C101417,51,36,84.96,month-to-month,card,fiber,1,no,0,acc_001417_2076
C101418,43,42,49.11,month-to-month,,fiber,3,yes,1,acc_001418_5396
C101419,18,17,51.47,month-to-month,mailed_check,none,0,yes,1,acc_001419_7984
C101420,53,68,101.06,month-to-month,mailed_check,none,3,no,0,acc_001420_9034
C101421,50,42,79.91,month-to-month,bank_transfer,fiber,1,yes,1,acc_001421_2281
C101422,42,14,91.62,one-year,e_check,dsl,2,no,0,acc_001422_1700
C101423,76,39,55.33,month-to-month,e_check,dsl,0,no,0,acc_001423_3214
C101424,30,23,51.67,month-to-month,bank_transfer,dsl,0,no,0,acc_001424_7643
C101425,51,50,40.77,two-year,card,dsl,3,no,0,acc_001425_8342
C101426,23,31,94.25,month-to-month,mailed_check,fiber,3,yes,1,acc_001426_7273
C101427,58,2,41.16,month-to-month,bank_transfer,dsl,3,yes,1,acc_001427_1989
C101428,46,30,26.31,month-to-month,bank_transfer,dsl,0,no,0,acc_001428_9613
C101429,18,56,50.82,two-year,mailed_check,fiber,2,no,0,acc_001429_8457
C101430,66,4,101.1,month-to-month,mailed_check,fiber,1,yes,1,acc_001430_7461
C101431,69,9,70.2,month-to-month,bank_transfer,dsl,1,no,0,acc_001431_2792
C101432,24,62,75.35,two-year,bank_transfer,fiber,3,no,0,acc_001432_2269
C101433,40,34,72.42,month-to-month,card,dsl,2,yes,1,acc_001433_9363
C101434,72,68,68.37,month-to-month,bank_transfer,fiber,3,yes,1,acc_001434_7654
C101435,23,30,65.33,month-to-month,card,dsl,2,no,0,acc_001435_9100
C101436,53,22,34.5,month-to-month,card,dsl,1,no,0,acc_001436_4518
C101437,71,70,111.01,one-year,mailed_check,fiber,0,no,0,acc_001437_5204
C101438,71,30,,two-year,mailed_check,none,1,no,0,acc_001438_7056
C101439,37,57,99.75,one-year,e_check,none,1,no,0,acc_001439_8885
C101440,78,52,30.52,month-to-month,mailed_check,dsl,3,no,0,acc_001440_5303
C101441,72,65,83.0,one-year,e_check,dsl,0,yes,1,acc_001441_6671
C101442,62,38,40.06,one-year,mailed_check,fiber,0,no,0,acc_001442_7623
C101443,38,20,37.26,month-to-month,card,fiber,1,yes,1,acc_001443_3097
C101444,46,53,76.14,month-to-month,e_check,none,3,yes,1,acc_001444_2837
C101445,30,36,,two-year,bank_transfer,fiber,1,no,0,acc_001445_9050
C101446,33,36,103.61,month-to-month,mailed_check,fiber,0,no,0,acc_001446_4244
C101447,78,63,102.69,one-year,card,dsl,1,no,0,acc_001447_7423
C101448,23,51,62.72,month-to-month,e_check,dsl,2,no,0,acc_001448_1716
C101449,19,61,89.07,month-to-month,mailed_check,none,1,no,0,acc_001449_1211
C101450,19,43,54.58,one-year,bank_transfer,dsl,0,no,0,acc_001450_8042
C101451,46,43,56.02,two-year,card,none,2,no,0,acc_001451_2710
C101452,73,52,75.57,one-year,e_check,dsl,2,yes,1,acc_001452_9002
C101453,57,36,66.55,month-to-month,e_check,dsl,2,yes,1,acc_001453_3434
C101454,47,20,90.67,two-year,mailed_check,dsl,5,yes,1,acc_001454_1325
C101455,76,18,23.81,two-year,card,fiber,1,no,0,acc_001455_9985
C101456,55,63,97.84,month-to-month,e_check,fiber,0,no,0,acc_001456_6839
C101457,52,38,55.0,month-to-month,bank_transfer,fiber,2,no,0,acc_001457_8795
C101458,77,61,106.34,two-year,card,fiber,0,yes,1,acc_001458_6464
C101459,46,62,98.04,month-to-month,bank_transfer,dsl,0,yes,1,acc_001459_5638
C101460,59,12,40.8,month-to-month,e_check,fiber,1,no,0,acc_001460_4395
C101461,33,52,68.28,one-year,e_check,fiber,2,no,0,acc_001461_9015
C101462,40,38,86.43,two-year,card,fiber,1,no,0,acc_001462_9593
C101463,36,59,49.78,month-to-month,mailed_check,none,0,no,0,acc_001463_6987
C101464,65,58,51.06,two-year,,fiber,2,no,0,acc_001464_6082
C101465,34,43,,one-year,e_check,none,2,yes,1,acc_001465_8120
C101466,43,37,88.12,one-year,mailed_check,none,2,no,0,acc_001466_8929
C101467,47,7,92.18,month-to-month,e_check,fiber,3,yes,1,acc_001467_9732
C101468,35,55,59.03,two-year,bank_transfer,none,1,no,0,acc_001468_8573
C101469,22,14,90.21,two-year,e_check,dsl,1,yes,1,acc_001469_8332
C101470,26,51,106.28,month-to-month,card,dsl,0,yes,1,acc_001470_7722
C101471,68,30,92.5,two-year,e_check,fiber,3,yes,1,acc_001471_3015
C101472,31,31,51.33,month-to-month,bank_transfer,dsl,1,no,0,acc_001472_4201
C101473,74,64,48.63,month-to-month,e_check,dsl,1,no,0,acc_001473_7902
C101474,60,58,76.7,month-to-month,mailed_check,dsl,2,no,0,acc_001474_4140
C101475,42,34,90.06,two-year,e_check,none,0,no,0,acc_001475_7856
C101476,57,53,80.28,one-year,e_check,fiber,2,no,0,acc_001476_6039
C101477,58,67,60.03,month-to-month,bank_transfer,dsl,2,no,0,acc_001477_1240
C101478,38,26,46.51,two-year,bank_transfer,none,1,no,0,acc_001478_9164
C101479,77,34,101.22,month-to-month,card,fiber,1,yes,1,acc_001479_4338
C101480,35,12,65.92,one-year,card,dsl,1,no,0,acc_001480_3392
C101481,67,53,116.06,month-to-month,mailed_check,dsl,3,yes,1,acc_001481_2950
C101482,71,17,41.12,two-year,bank_transfer,fiber,2,yes,1,acc_001482_6051
C101483,48,50,61.43,month-to-month,e_check,none,1,no,0,acc_001483_5662
C101484,55,57,53.72,two-year,bank_transfer,dsl,1,no,0,acc_001484_6565
C101485,22,1,115.53,two-year,e_check,dsl,2,yes,1,acc_001485_1155
C101486,36,67,100.45,one-year,mailed_check,none,1,no,0,acc_001486_8190
C101487,42,31,57.4,two-year,card,fiber,1,no,0,acc_001487_2473
C101488,26,68,,month-to-month,card,dsl,1,no,0,acc_001488_2550
C101489,33,41,98.38,month-to-month,mailed_check,dsl,2,yes,1,acc_001489_7033
C101490,62,28,72.98,one-year,bank_transfer,dsl,2,no,0,acc_001490_1844
C101491,22,70,41.7,one-year,e_check,dsl,2,no,0,acc_001491_6730
C101492,69,49,32.4,two-year,card,none,0,no,0,acc_001492_2957
C101493,24,58,79.7,month-to-month,,none,1,no,0,acc_001493_3814
C101494,22,44,64.65,month-to-month,e_check,fiber,0,yes,1,acc_001494_6607
C101495,49,17,73.35,month-to-month,card,dsl,0,yes,1,acc_001495_7260
C101496,53,50,,two-year,bank_transfer,dsl,0,no,0,acc_001496_2619
C101497,62,21,60.57,month-to-month,mailed_check,none,3,yes,1,acc_001497_4075
C101498,30,67,,month-to-month,bank_transfer,fiber,3,no,0,acc_001498_8282
C101499,20,35,86.18,month-to-month,bank_transfer,none,0,no,0,acc_001499_3627
C100000,72,70,38.36,two-year,mailed_check,fiber,2,no,0,acc_000000_3383
C100001,18,52,94.26,month-to-month,bank_transfer,fiber,2,yes,1,acc_000001_4322
C100002,73,63,78.43,month-to-month,mailed_check,dsl,0,no,0,acc_000002_9936
C100003,76,8,74.4,one-year,card,fiber,0,no,0,acc_000003_4835
C100004,32,60,40.71,month-to-month,card,fiber,1,no,0,acc_000004_5282
C100005,25,50,97.38,one-year,e_check,none,1,yes,1,acc_000005_4381
C100006,68,67,66.83,one-year,e_check,fiber,1,no,0,acc_000006_5941
C100007,29,31,47.62,two-year,e_check,none,3,no,0,acc_000007_1361
C100008,35,26,56.33,one-year,card,dsl,1,no,0,acc_000008_9523
C100009,63,63,65.95,one-year,card,none,1,no,0,acc_000009_5739
C100010,45,39,73.99,month-to-month,card,none,3,yes,1,acc_000010_5030
C100011,59,58,49.7,month-to-month,e_check,dsl,0,no,0,acc_000011_3305
C100012,32,24,49.34,month-to-month,bank_transfer,fiber,2,no,0,acc_000012_1991
C100013,27,55,81.53,month-to-month,bank_transfer,fiber,3,yes,1,acc_000013_7606
C100014,40,39,69.82,month-to-month,e_check,fiber,0,no,0,acc_000014_3483
C100015,77,4,118.86,month-to-month,mailed_check,none,0,yes,1,acc_000015_1736
C100016,28,64,61.38,month-to-month,mailed_check,fiber,3,yes,1,acc_000016_6915
C100017,47,38,89.44,month-to-month,mailed_check,fiber,0,yes,1,acc_000017_1399
C100018,50,33,113.45,month-to-month,card,dsl,2,yes,1,acc_000018_3541
C100019,56,4,66.74,two-year,mailed_check,fiber,2,no,0,acc_000019_5314
C100020,39,11,95.26,month-to-month,bank_transfer,none,0,no,0,acc_000020_8168
C100021,27,26,78.82,month-to-month,e_check,fiber,1,no,0,acc_000021_9103
C100022,30,55,72.82,one-year,mailed_check,none,2,no,0,acc_000022_7611
C100023,71,13,110.14,one-year,mailed_check,none,2,no,0,acc_000023_2720
C100024,71,57,47.69,one-year,bank_transfer,fiber,0,no,0,acc_000024_1384
C100025,70,35,57.01,month-to-month,e_check,fiber,1,no,0,acc_000025_1191
C100026,46,60,28.97,month-to-month,e_check,dsl,1,no,0,acc_000026_1188
C100027,38,16,68.64,month-to-month,e_check,fiber,0,no,0,acc_000027_6973
C100028,32,42,95.21,one-year,e_check,fiber,1,no,0,acc_000028_5119
C100029,49,23,65.42,month-to-month,card,dsl,2,no,0,acc_000029_7349
C100030,38,64,91.27,two-year,bank_transfer,dsl,2,no,0,acc_000030_2763
C100031,21,54,53.3,month-to-month,e_check,none,3,no,0,acc_000031_9813
C100032,19,51,99.0,month-to-month,,dsl,0,no,0,acc_000032_6721
C100033,70,55,68.82,two-year,e_check,none,1,no,0,acc_000033_7835
C100034,59,8,60.06,month-to-month,e_check,fiber,2,yes,1,acc_000034_7134
C100035,28,54,,two-year,mailed_check,none,1,no,0,acc_000035_9247
C100036,54,19,71.27,two-year,card,fiber,1,yes,1,acc_000036_5617
C100037,68,52,85.29,month-to-month,card,fiber,3,yes,1,acc_000037_7356
C100038,36,12,74.42,month-to-month,e_check,dsl,0,no,0,acc_000038_7212
C100039,27,26,88.42,month-to-month,mailed_check,fiber,1,yes,1,acc_000039_6133
C100040,25,22,74.43,month-to-month,bank_transfer,none,2,no,0,acc_000040_7587
C100041,48,3,42.64,one-year,bank_transfer,dsl,0,no,0,acc_000041_8549
C100042,49,9,78.3,month-to-month,e_check,none,5,no,0,acc_000042_3067
C100043,75,5,,one-year,card,dsl,2,no,0,acc_000043_6440
C100044,35,8,80.82,month-to-month,mailed_check,fiber,1,yes,1,acc_000044_5804
C100045,27,42,66.03,month-to-month,card,none,4,yes,1,acc_000045_7204
C100046,22,61,115.05,one-year,e_check,none,1,no,0,acc_000046_2082
C100047,31,69,54.02,month-to-month,bank_transfer,dsl,2,no,0,acc_000047_7472
C100048,23,58,74.45,one-year,card,fiber,1,no,0,acc_000048_9843
C100049,45,37,76.58,month-to-month,mailed_check,fiber,3,yes,1,acc_000049_7098
